rank_within_language,language,channel,channel_url,title,video_url,date,views,subs,duration_seconds,format,seriality,fit,ratio,view_ratio_score,data_completeness,hook,conflict,twist,ending,neighbor,quality,sources
1,en,The Land Of Boggs — https://www.youtube.com/@TheLandofBoggs,не найдено,Theme Park Speedrun,https://www.youtube.com/shorts/Gdo4zpnIj1g,2026-07-31,3200000,9810000,24,Shorts,"серийный анимационный формат The Land of Boggs с повторяющимися персонажами Boggo, Boe и третьим жёлтым персонажем; канал описывает проект как animated series about best friends Boggo and Boe",да,0.32619775739041795,0.0,8,"у ворот парка BOGLÜND трое героев ждут открытия; часы показывают 8:59, затем 9:00, ворота распахиваются, а сине-фиолетовый Boggo врывается внутрь на огромной скорости","Boggo пытается максимально быстро пройти все аттракционы и развлечения, тогда как Boe не выдерживает темп — его тошнит на горках, он измучен и едва успевает за другом","у водопада Boggo внезапно выпрыгивает из лодки, заметив место для фейерверка, оставляя Boe и жёлтого персонажа в лодке перед падением","ночью Boggo смотрит фейерверк и говорит «WHAT A GREAT DAY... RIGHT BOE?», пока обессиленный Boe лежит рядом лицом вниз",https://www.youtube.com/shorts/vS37cb6IToI,"высокое — заголовок, канал, подписчики, просмотры, формат и длительность подтверждены страницами YouTube/канала, сюжет проверен по анализу самого ролика, а дата 2026-07-31 дополнительно сверена с открытой публикацией канала; число просмотров округлено YouTube до 3.2M.",https://www.youtube.com/shorts/Gdo4zpnIj1g\nhttps://www.youtube.com/watch?v=Gdo4zpnIj1g\nhttps://www.youtube.com/@TheLandofBoggs\nhttps://www.youtube.com/@TheLandofBoggs/shorts\nhttps://www.facebook.com/thelandofboggs/videos/theme-park-speedrun/2115874946024335/\nhttps://www.youtube.com/shorts/vS37cb6IToI
2,en,"Cat Dog Diary (@CatDogDiary-6868), URL канала: https://www.youtube.com/@CatDogDiary-6868",https://www.youtube.com/@CatDogDiary-6868,My Terrified Rescue Kitten Finally Fell Asleep Beside My Rescue Puppy,https://www.youtube.com/watch?v=INn5wL1GF2Q,2026-08-10,425000,29500,195,другое,горизонтальный повторяемый эпизод о тех же повторяющихся персонажах — рыжем спасённом котёнке и коричневом щенке таксы,да,14.40677966101695,14.5,8,"в первые 1–3 секунды рыжий котёнок находится в серой лежанке, а коричневый щенок подходит, заглядывает внутрь и принюхивается к нему","щенок навязчиво пытается играть — запрыгивает в лежанку, кусает котёнка за уши и шею и наваливается на него, а котёнок отбивается и старается отстраниться","примерно на 01:36 котёнок выходит из лежанки, затем около 01:43 сам возвращается к спокойно лежащему щенку и начинает вылизывать ему голову, переводя взаимодействие от раздражения к заботе","котёнок и щенок мирно спят в обнимку в одной лежанке, лапа котёнка лежит на шее щенка",https://www.youtube.com/watch?v=4Ila9J5nl-M,"среднее — заголовок, канал, URL канала, дата, просмотры, подписчики, длительность и соседние эпизоды подтверждены открытой выдачей YouTube/канала и oEmbed, а сюжет подтверждён визуальным анализом ролика; прямая страница ролика в браузере была недоступна из-за антибот-проверки.",https://www.youtube.com/watch?v=INn5wL1GF2Q\nhttps://www.youtube.com/@CatDogDiary-6868/videos\nhttps://www.youtube.com/@CatDogDiary-6868\nhttps://www.youtube.com/oembed?url=https://www.youtube.com/watch?v=INn5wL1GF2Q&format=json\nhttps://www.youtube.com/watch?v=4Ila9J5nl-M
3,en,ANOMALY | Original Series (https://www.youtube.com/channel/UCuLQpgDf4hmB7UHBwKCTjmQ),не найдено,ANOMALY | EPISODE 2 | RAVEN,https://www.youtube.com/watch?v=L-ZHPlVa4do,2026-06-11,249263,76600,942,другое,"Серийный короткометражный эпизод антологии ANOMALY; повторяющаяся героиня/персонаж Amber и мотивы UAP, Men in Black, наблюдателей",да,3.2540861618798957,6.4,8,"На чёрном фоне сообщается, что с 1940-х годов свидетели НЛО заявляют о визитах таинственных «людей в чёрном»","Amber пытается понять последствия близкого контакта с НЛО в форме «Тик-Така», сталкиваясь с паранойей, слежкой загадочного мужчины в чёрном и страхом аномального опыта","После ночного эпизода с ярким светом, дымом и нечеловеческими парящими ногами Amber обнаруживает на смарт-часах данные о якобы подъёме более чем на 80000 футов; реальность события как похищения, кошмара или сонного паралича не подтверждена","Amber выбегает из дома и видит напротив чёрный автомобиль и того же «человека в чёрном», который пристально смотрит на неё",https://www.youtube.com/watch?v=Zs6UDYnmKZA,"среднее — заголовок, канал, дата, просмотры, подписчики, длительность и серийность подтверждены открытой страницей/индексом YouTube, а сюжетные поля дополнительно проверены анализом доступного видео; прямой URL YouTube в браузере временно перенаправлял на страницу ограничения трафика.",https://www.youtube.com/watch?v=L-ZHPlVa4do\nhttps://youtu.be/L-ZHPlVa4do?is=t0UDNxrWyLuTJ6Z5\nhttps://www.youtube.com/channel/UCuLQpgDf4hmB7UHBwKCTjmQ\nhttps://www.youtube.com/watch?v=Zs6UDYnmKZA\nhttps://www.youtube.com/watch?v=K7I3eiswbjs
4,en,Cat Dog Diary (URL канала: https://www.youtube.com/@CatDogDiary-6868),https://www.youtube.com/@CatDogDiary-6868),My Rescue Puppy Met Both Terrified Kittens Together for the First Time... Would They Get Along?,https://www.youtube.com/watch?v=-EfPwPNCNZo,2026-08-15,125962,29500,290,другое,да — повторяемый формат Cat Dog Diary о знакомстве/сближении спасённого щенка и напуганных котят; канал на момент проверки показывал около 383 видео и повторяющихся животных-персонажей,да,4.269898305084745,7.9,8,00:00–00:03 щенок резко запрыгивает в лежанку к двум котятам и сразу провоцирует активную возню,"щенок и два котёнка сначала взаимодействуют через шумную игру, беготню и борьбу, при этом заявленная интрига — смогут ли они поладить","примерно 01:48–03:26 активность спадает, животные устают, щенок ложится рядом с серым котёнком, а котёнок засыпает с игрушкой-рыбкой",примерно 03:27–04:51 все трое по очереди укладываются рядом и мирно засыпают вместе,https://www.youtube.com/watch?v=EjeIZGizXp8,"высокое — заголовок, канал, URL канала, дата, просмотры, подписчики, длительность и описание подтверждены открытой страницей YouTube/oEmbed и поисковой выдачей, а сюжетные поля дополнительно проверены покадровым анализом; прямой просмотр страницы был ограничен антибот-страницей, поэтому подписчики и просмотры зафиксированы как публичный срез на момент проверки.",https://www.youtube.com/watch?v=-EfPwPNCNZo\nhttps://www.youtube.com/oembed?url=https://www.youtube.com/watch?v=-EfPwPNCNZo&format=json\nhttps://www.youtube.com/@CatDogDiary-6868\nhttps://www.youtube.com/watch?v=EjeIZGizXp8\nhttps://www.youtube.com/watch?v=jRmmxfFGpvE
5,en,Matthew Raymond (URL канала: https://www.youtube.com/@MatthewRaymond),https://www.youtube.com/@MatthewRaymond),Happy Mother’s Day… sorry 😪💐,https://www.youtube.com/watch?v=wWWS1Cqlgz4,2026-05-10,74000,2950000,535,другое,"да — повторяющиеся персонажи и семейный формат Matthew Raymond: Matthew, Marjorie, Tyrone, Jayda/LaBoogie и бабушка",да,0.025084745762711864,0.0,8,"мужчина тревожно выглядывает из-за дверного косяка, за ним прячутся анимационные персонажи; он шёпотом спрашивает, где «она», и просит всех не испортить сюрприз","семья пытается устроить Марджори сюрприз на День матери, хотя она просила оставить её в покое и дать посмотреть телевизор, но каждая попытка превращается в катастрофу",самодельное массажное кресло на базе инвалидной коляски выходит из-под контроля и вместе с Марджори пробивает стену,"Марджори оказывается вверх ногами в проломе стены, а Тайрон невозмутимо включает ей желанный фильм и поздравляет с Днём матери",https://www.youtube.com/watch?v=2lAnVjcO3K4,"высокое — заголовок, канал, отображаемые просмотры и подписчики подтверждены страницей YouTube, дата и длительность сопоставлены с открытой выдачей по точному ID, сюжет проверен по самому ролику; точные неокруглённые счётчики YouTube публично не показаны.",https://www.youtube.com/watch?v=wWWS1Cqlgz4\nhttps://www.youtube.com/@MatthewRaymond\nhttps://www.youtube.com/watch?v=2lAnVjcO3K4\nhttps://www.youtube.com/watch?v=g1D_DLmQidM
6,en,Cat Dog Diary (URL канала: https://www.youtube.com/channel/UCmzO97ypyUKqA1pGEAzmmGA),https://www.youtube.com/channel/UCmzO97ypyUKqA1pGEAzmmGA),My Terrified Rescue Kitten Finally Did This Around My Rescue Puppy,https://www.youtube.com/watch?v=Zot2rVsMuBQ,2026-08-17,19443,29500,256,другое,"повторяющиеся персонажи — спасённый серый котёнок и спасённый щенок, а также несколько соседних роликов Cat Dog Diary с теми же героями/темой знакомства и привыкания",да,0.6590847457627118,0.0,8,в первые 1–3 секунды щенок подбегает к спокойно лежащему серому котёнку на лежанке и сразу начинает игривую борьбу,"щенок активно пристаёт и борется с котёнком, питомцы катаются, кусаются в игре и делят игрушки, при этом котёнок то отбивается, то перехватывает инициативу","примерно на 3:38 после долгой возни оба резко прекращают игру, щенок ложится на спину, а котёнок устраивается рядом","оба питомца успокаиваются и дремлют вместе, щенок на спине, котёнок рядом, крупный план мирного сна",https://www.youtube.com/watch?v=EjeIZGizXp8,"среднее — заголовок, канал, дата, длительность, просмотры, подписчики и описание подтверждены открытой страницей YouTube, сюжет — визуальным анализом ролика, но прямой странице на момент проверки показывалась verification dialog, а независимый трекер с полными метриками не найден.",https://www.youtube.com/watch?v=Zot2rVsMuBQ\nhttps://m.youtube.com/watch?v=Zot2rVsMuBQ\nhttps://www.youtube.com/channel/UCmzO97ypyUKqA1pGEAzmmGA\nhttps://www.youtube.com/@CatDogDiary-6868/videos\nhttps://www.youtube.com/watch?v=EjeIZGizXp8\nhttps://www.youtube.com/watch?v=wNDDoOrs-9Y\nhttps://www.youtube.com/watch?v=-EfPwPNCNZo
7,en,Matthew Raymond Extra (URL канала: https://www.youtube.com/channel/UCq4F5g76v_gU3ALL8ORXxEA),https://www.youtube.com/channel/UCq4F5g76v_gU3ALL8ORXxEA),Tyrone Becomes a Bad COP! 👮‍♂️ (GTA 5 Gameplay),https://www.youtube.com/watch?v=f6Fcisl3_eg,2026-07-21,17000,92900,1228,другое,серийный/повторяемый формат GTA 5 с повторяющимся персонажем Tyrone и мультяшным аватаром Matthew Raymond,да,0.18299246501614638,0.0,8,"в первые 1–3 секунды персонаж в красной футболке и камуфляжном жилете идёт по городской проезжей части, рядом проезжают полицейская и чёрная машины, внизу появляется мультяшный персонаж в полицейской фуражке","Tyrone пытается играть полицейского в GTA V, угоняет патрульные машины и останавливает водителей, но провоцирует хаос, перестрелки, полицейские преследования и смерти","единого сюжетного твиста не обнаружено — комедийная эскалация строится на повторяющихся неудачах, включая гибель от полиции, аварий, других игроков и взрыв собственной машины","герой стоит у кирпичной стены, закадровый голос просит комментировать и подписаться, затем появляется заставка Matthew Raymond",https://www.youtube.com/watch?v=YNiOqlkbk9M,"среднее — сюжет, язык, горизонтальный формат и длительность подтверждены анализом самого публичного видео, а дата, просмотры и подписчики взяты из открытых индексируемых страниц; прямая страница YouTube на момент проверки показывала антибот-блокировку.",https://www.youtube.com/watch?v=f6Fcisl3_eg\nhttps://www.youtube.com/channel/UCq4F5g76v_gU3ALL8ORXxEA\nhttps://www.youtube.com/watch?v=YNiOqlkbk9M\nhttps://www.youtube.com/c/MatthewRaymondExtra
8,en,Matthew Raymond Extra and Matthew Raymond (URL канала: https://www.youtube.com/@MatthewRaymondExtra),https://www.youtube.com/@MatthewRaymondExtra),Tyrone Delivers Pizza in GTA 5 (GETS JUMPED) 😂🎮,https://www.youtube.com/watch?v=F8FvKPi1kYs,2026-08-08,12165,94200,1170,другое,"Серийный повторяемый формат игрового/анимационного GTA-контента с постоянными персонажами Tyrone и авторским 2D-аватаром; канал описывает постоянных персонажей Matthew Raymond, Tyrone, LaBoogie, Jada и Marjorie, а соседние выпуски посвящены Tyrone в аналогичных игровых сюжетах",да,0.12914012738853503,0.0,8,"В первые 1–3 секунды показан прицел снайперской винтовки, выстрел мимо цели, мгновенная гибель персонажа со статусом «wasted» и реакция анимированного аватара","Два игрока в GTA V Online хаотично спорят, преследуют и убивают друг друга с применением оружия, взрывчатки и транспорта","Примерно с 14:23 перестрелка прекращается, и игроки переходят к соревнованию на скутерах по доставке пиццы на время","Во время гонки скутер врезается в чёрный внедорожник, персонаж продолжает движение, затем проваливает каскадёрский прыжок; ролик завершается логотипом «MATTHEW RAYMOND» и призывом подписаться",https://www.youtube.com/watch?v=YNiOqlkbk9M,"высокое — заголовок, канал, дата, просмотры, подписчики и длительность подтверждены страницей ролика/канала, соседний выпуск найден на странице канала, сюжетные поля проверены анализом самого видео; независимый трекер не использован.",https://www.youtube.com/watch?v=F8FvKPi1kYs\nhttps://www.youtube.com/@MatthewRaymondExtra\nhttps://www.youtube.com/channel/UCq4F5g76v_gU3ALL8ORXxEA/videos\nhttps://www.youtube.com/watch?v=YNiOqlkbk9M
9,en,"Matthew Raymond Extra (@MatthewRaymondExtra), URL канала: https://www.youtube.com/channel/UCq4F5g76v_gU3ALL8ORXxEA",https://www.youtube.com/channel/UCq4F5g76v_gU3ALL8ORXxEA,Tyrone Gets a Job! (GTA 5 Chaos😳),https://www.youtube.com/watch?v=YNiOqlkbk9M,2026-08-16,5300,94200,1043,другое,"да — повторяющийся персонаж Tyrone, постоянный мультяшный маскот и повторяющийся игровой/комедийный формат GTA",да,0.05626326963906582,0.0,8,"в первые 1–3 секунды лысый игровой персонаж в красной футболке и камуфляжном жилете бежит по дороге и наступает на кролика; присутствуют мультяшный маскот и краткий оверлей с лицом ведущего, закадровый голос сообщает о случившемся","Tyrone пытается выполнять игровые криминальные/рабочие задания, но игрок Jayden (Jayden_g15) преследует его, сбивает, расстреливает и срывает миссии","после серии неудач Tyrone решает оставить криминальные задания, переодевается пожарным, угоняет пожарную машину и пытается тушить горящие мусорные баки","мирная попытка также проваливается — Tyrone угоняет полицейский автомобиль, начинается погоня, NPC-полиция расстреливает машину, появляется «Wasted», затем следует призыв подписаться и брендированное аутро «MATTHEW RAYMOND»",https://www.youtube.com/watch?v=F8FvKPi1kYs,"высокое — заголовок, канал, дата, длительность, просмотры, подписчики и соседний эпизод подтверждены открытыми страницами YouTube; сюжетные поля дополнительно проверены просмотром ролика, а просмотры и подписчики указаны в округлённом публичном отображении YouTube.",https://www.youtube.com/watch?v=YNiOqlkbk9M\nhttps://www.youtube.com/channel/UCq4F5g76v_gU3ALL8ORXxEA/videos\nhttps://www.youtube.com/c/matthewraymondextra\nhttps://www.youtube.com/c/MatthewRaymond
10,en,"IRAYBS FILMS (@iraybsfilms), URL канала: https://www.youtube.com/channel/UCtzH0DiWCBfEF4EdydIDrmg",https://www.youtube.com/channel/UCtzH0DiWCBfEF4EdydIDrmg,FRIDAY THE 13TH IS HERE - PART 6 #horrorshort,https://www.youtube.com/shorts/ICLQvHQKpF0,2024-11-20,611,435,90,Shorts,"явно серийный хоррор-эпизод, часть 6 — в начале и конце есть заставки “START OF PART 6. FRIDAY THE 13TH.” и “END OF PART 6. FRIDAY THE 13TH.”; повторяющиеся персонажи/образы: мужчина в очках и фигура в хоккейной маске",да,1.4045977011494253,1.8,8,"стартовая заставка части 6, затем закадровая реплика о том, что тело Джейсона не достали из озера и он всё ещё где-то там","мужчина ночью сталкивается с фигурой в хоккейной маске, пытается скрыться в доме, но его находят и жестоко атакуют","кровавая сцена обрывается, мужчина просыпается в постели — это был кошмар","внезапный скример с демоническим лицом, красными глазами и зубастой улыбкой, после чего появляется финальная заставка части 6",https://www.youtube.com/shorts/kKCzLW8tgbk,"высокое — заголовок, канал, дата, длительность, просмотры, подписчики, Shorts-статус и соседний эпизод подтверждены открытыми страницами YouTube; сюжет подтверждён просмотром/анализом ролика, при этом страница ролика в браузере отображалась как временно недоступная.",https://www.youtube.com/shorts/ICLQvHQKpF0\nhttps://www.youtube.com/channel/UCtzH0DiWCBfEF4EdydIDrmg\nhttps://www.youtube.com/shorts/kKCzLW8tgbk
11,en,AI Fun Cartoons (URL канала: https://www.youtube.com/@AIFunCartoons-i4n),https://www.youtube.com/@AIFunCartoons-i4n),Talking Objects Universe 🎭 | Episode 1 & 2 | Funny Everyday Items 😂 | The Lazy Morning Chronicles ☕🪥,https://www.youtube.com/watch?v=ntva7eQ5I0w,2025-10-27,60,118,192,другое,"да — серия Talking Objects Universe, в ролике объединены Episode 1 и Episode 2; повторяющиеся персонажи/объекты: мальчик и говорящие бытовые предметы, включая чашку, зубную щётку и зеркало",да,0.5084745762711864,0.0,8,не найдено — первые 1–3 секунды напрямую не подтверждены доступными публичными данными,"по описанию, утренний спор «ленивой чашки» и «сердитой зубной щётки», затем разногласия команды о гигиене, кофе и командной работе",не найдено — отдельный сюжетный поворот в доступном публичном описании не выделен,"не найдено — описание содержит призыв смотреть до конца, но фактическая развязка не подтверждена",https://www.youtube.com/watch?v=eNogxi2tj8Y,"высокое — заголовок, канал, URL канала, дата, просмотры, подписчики, длительность и серийность подтверждены публичными страницами YouTube; детали первых секунд, поворота и финала не доступны в подтверждаемом открытом описании и поэтому помечены как «не найдено».",https://www.youtube.com/watch?v=ntva7eQ5I0w\nhttps://www.youtube.com/@AIFunCartoons-i4n\nhttps://m.youtube.com/@AIFunCartoons-i4n/videos?view=0&sort=dd&shelf_id=2\nhttps://www.youtube.com/watch?v=eNogxi2tj8Y\nhttps://www.youtube.com/watch?v=6SL5gsfPEMY
12,en,"ScrollVerse (@scrollverse-sv), URL канала: https://www.youtube.com/@scrollverse-sv",https://www.youtube.com/@scrollverse-sv,Emma & Robo | Episode 2 🐶✨ | The Lost Puppy | AI Animated Story #shorts,https://www.youtube.com/shorts/eOmq_EsNORU,2026-07-22,15,2,40,Shorts,серийная AI-анимация Emma & Robo; подтверждены повторяющиеся персонажи Emma и Robo и наличие как минимум эпизодов 1–8 на странице Shorts канала,да,7.5,10.9,8,"в первые 1–3 секунды девочка и робот идут по городку, внезапно останавливаются и замечают одинокого грустного щенка у моста","щенок потерялся, выглядит грустным и голодным, герои пытаются его успокоить и девочка кормит его","появляется пожилая хозяйка, забирает щенка, после чего щенок начинает рыть землю под деревом и обнаруживается магический компас",девочка и робот рассматривают светящийся компас и уходят по дороге в сторону леса,https://www.youtube.com/shorts/bZRkhLZ_Ow4,"высокое — заголовок, канал, дата, просмотры, подписчики и длительность подтверждены открытой страницей YouTube на срез 21.08.2026, серийность подтверждена страницей канала и соседним эпизодом, сюжет дополнительно проверен по доступному публичному видеоряду; независимый трекер не использован.",https://www.youtube.com/shorts/eOmq_EsNORU\nhttps://www.youtube.com/watch?v=eOmq_EsNORU\nhttps://www.youtube.com/@scrollverse-sv/shorts\nhttps://www.youtube.com/shorts/bZRkhLZ_Ow4
13,en,Kinigra Deon,не найдено,SHE CHOSE HIM! | Country Love Ep.3 | Kinigra Deon,https://www.youtube.com/watch?v=8rSqLF9WOuE,2026-06-18,548000,6050000,,другое,"Да, эпизод 3 повторяемой вертикальной мини-драмы/веб-сериала Country Love; повторяющиеся персонажи: Сераф, Эпплджек/Джейлен Картер, Кармело, Заза, Стеф, мать Сераф и Маркус",да,0.09057851239669422,0.0,7,"Сераф в отчаянии собирает вещи и говорит, что не понимает, почему они должны уехать; затем звучит вопрос, куда исчезли вещи Эпплджека","Эпплджек бесследно исчез, а Сераф вынуждена переехать с матерью и её новым партнёром, пытаясь начать новую жизнь и отношения, но не может отпустить Эпплджэка","выясняется, что Эпплджек, настоящее имя Джейлен Картер, не бросал Сераф, а был застрелен","после шока и галлюцинации Сераф встречает в школе нового ученика Кармело, который выглядит так же, как погибший Эпплджек",https://www.youtube.com/watch?v=Ty_lhncnuTk,"среднее — заголовок, канал, дата, текущие просмотры и подписчики подтверждены открытой страницей/индексом YouTube, сюжет и серийность проверены анализом самого ролика, но точная длительность публично не извлечена.",https://www.youtube.com/watch?v=8rSqLF9WOuE\nhttps://www.youtube.com/@KinigraDeon/videos\nhttps://www.youtube.com/watch?v=Ty_lhncnuTk\nhttps://www.youtube.com/watch?v=3IU-aRnBxOU\nhttps://www.youtube.com/channel/UC9HvSOvNpFpjydzDkAQJCNw
14,en,Cat Dog Diary (URL канала: https://www.youtube.com/@CatDogDiary-6868),https://www.youtube.com/@CatDogDiary-6868),How Did My Rescue Kitten and This Tiny Rescue Puppy Become So Close on Their First Meeting?,https://www.youtube.com/watch?v=Pj1GuY_-nu4,не найдено,89000,29500,246,другое,да — ролик входит в повторяемую серию канала о взаимоотношениях спасённого котёнка и щенка; на странице канала есть тематическая playlist «Cat Dog Diary» и многочисленные соседние ролики с теми же повторяющимися персонажами/сюжетной связкой,да,3.016949152542373,6.0,7,в первые 1–3 секунды рыжий котёнок с белыми лапами лежит на спящем коричневом щенке в серой лежанке и вылизывает ему голову,"выраженного драматического конфликта нет — интрига строится на том, смогут ли котёнок и щенок разных видов спокойно принять друг друга при первой встрече","после раздельного нахождения и игривого взаимодействия, включая возню и попытки щенка играть с котёнком, котёнок сам возвращается к уснувшему щенку","котёнок забирается к щенку в лежанку, вылизывает ему голову и уши, затем кладёт голову поверх головы щенка, и они засыпают вместе",https://www.youtube.com/watch?v=4Ila9J5nl-M,"высокое — заголовок, канал, публичные просмотры, подписчики и длительность подтверждены страницами YouTube; точная дата публикации и URL канала в формате channel ID на странице ролика не отображались, поэтому дата отмечена как не найдено.",https://www.youtube.com/watch?v=Pj1GuY_-nu4\nhttps://www.youtube.com/@CatDogDiary-6868/videos\nhttps://www.youtube.com/channel/UCmzO97ypyUKqA1pGEAzmmGA\nhttps://www.youtube.com/watch?v=4Ila9J5nl-M\nhttps://www.youtube.com/watch?v=6eQ0X5Cfq3Y
15,en,"The Land Of Boggs (@TheLandofBoggs), URL канала: https://www.youtube.com/@TheLandofBoggs/shorts",https://www.youtube.com/@TheLandofBoggs/shorts,Dad Wants to Help,https://www.youtube.com/shorts/kKQgjBg6ff8,2026-08-18,57000,9810000,,Shorts,"серийный анимационный проект The Land of Boggs; повторяющиеся персонажи/мир Boggo и Boe, ролик помечен как Dad Shorts",да,0.005810397553516819,0.0,7,"оранжевый персонаж сидит перед сломанной раковиной, из которой хлещет вода, и пытается получить инструкцию по ремонту через смартфон","пожилой усатый персонаж предлагает помощь, но герой упрямо отвергает её и закрывает дверь/жалюзи, пока помещение затапливает","помощник выныривает из воды с трубой, но герой заталкивает его обратно и затем запирает в подвале","вода достигает потолка, герой продолжает смотреть в смартфон, после чего затопляет всё помещение и экран",https://www.youtube.com/watch?v=QfUXVWy_5KU,"среднее — заголовок, канал, дата, просмотры и подписчики подтверждены открытыми страницами, сюжет подтверждён визуальным анализом, но длительность недоступна, а число просмотров на странице канала отображалось округлённо и расходилось с прямой страницей.",https://www.youtube.com/shorts/kKQgjBg6ff8\nhttps://www.youtube.com/watch?v=kKQgjBg6ff8\nhttps://www.youtube.com/@TheLandofBoggs/shorts\nhttps://www.youtube.com/watch?v=QfUXVWy_5KU\nhttps://www.youtube.com/shorts/OEDoDtnUhxc\nhttps://www.tiktok.com/@thelandofboggs/video/7675077230891961614
16,en,Cat Dog Diary,не найдено,My Rescue Puppy's First Meeting With a Terrified Rescue Kitten... Would She Ever Trust Him?,https://www.youtube.com/watch?v=4Ila9J5nl-M,не найдено,14000,29300,301,другое,да — канал публикует повторяющиеся истории о взаимодействии одних и тех же/схожих персонажей: спасённый щенок и испуганные котята,да,0.4778156996587031,0.0,7,"в первые 1–3 секунды испуганный серо-белый котёнок лежит на лежанке, шипит и делает агрессивный выпад лапой к подошедшему щенку","щенок пытается приблизиться и подружиться, а котёнок защищает лежанку и личные границы, шипит, бьёт лапой и кусает щенка","ближе к 04:10 щенок ложится рядом спиной к котёнку, после чего котёнок перестаёт нападать, обнюхивает его и принимает близость","котёнок спокойно уходит, а щенок остаётся на лежанке и мирно засыпает",https://www.youtube.com/watch?v=3ocjNDWp0tA,"среднее — заголовок, канал, URL канала, публичные счётчики из открытой выдачи и длительность подтверждены, но YouTube заблокировал прямое автоматическое чтение страницы, поэтому точная дата и некоторые текущие метрики не доступны.",https://www.youtube.com/watch?v=4Ila9J5nl-M\nhttps://www.youtube.com/@CatDogDiary-6868\nhttps://www.youtube.com/@CatDogDiary-6868/videos\nhttps://www.youtube.com/watch?v=3ocjNDWp0tA\nhttps://www.youtube.com/oembed?url=https://www.youtube.com/watch?v=4Ila9J5nl-M&format=json\nhttps://noembed.com/embed?url=https://www.youtube.com/watch?v=4Ila9J5nl-M
17,en,AI Fun Cartoons,не найдено,The Robot’s Lost Memory Chip 🤖💡 | AI Fun Cartoons Episode 2#viralvideo #fypシ,https://www.youtube.com/watch?v=FJ0Ca98owYs,не найдено,14,118,217,другое,"да — в заголовке указано Episode 2, на финальном экране наблюдается сообщение о продолжении и скором Episode 3; повторяющиеся персонажи: коричнево-белый щенок Max, сине-белый робот R2 и синяя птица Luna",да,0.11864406779661017,0.0,7,"в первые 1–3 секунды щенок радостно подбегает к роботу под деревом, а на экране робота появляется сообщение об активации snooze mode","R2 не понимает попытку поиграть в мяч, затем выходит из строя, дёргается, подаёт красное предупреждение и произносит бессмысленные слова","после нахождения чипа и частичного ремонта робота в мастерской молния поражает R2 во время грозы, он искрит и оказывается почти полностью неисправен, а Max тащит его через грязь к укрытию","технологическое дерево восстанавливает системы R2 на 100%, после чего робот получает призыв вернуться домой, но Max говорит, что его дом теперь здесь; появляется обновление «протокола дружбы», и Max, R2 и Luna уходят вместе на закате",https://www.youtube.com/watch?v=6snspcdcch8,"среднее — заголовок, канал, публичные просмотры, подписчики, длительность, серийность и сюжет подтверждены прямой страницей, страницей канала и анализом видео, но точная дата публикации публично не извлечена из доступного интерфейса.",https://www.youtube.com/watch?v=FJ0Ca98owYs\nhttps://www.youtube.com/@AIFunCartoons-i4n/videos?view=0&sort=dd&shelf_id=2\nhttps://www.youtube.com/oembed?url=https://www.youtube.com/watch?v=FJ0Ca98owYs&format=json\nhttps://www.youtube.com/watch?v=6snspcdcch8
18,en,AI Fun Cartoons,не найдено,“The Dream Machine 😴 | Funny Puppy & Robot Adventure | AI Fun Cartoons Episode 3 #viralvideo,https://www.youtube.com/watch?v=_hTSrSkntEI,не найдено,12,118,361,другое,"серийный мультфильм, Episode 3; повторяющиеся персонажи — щенок Max, робот R2 и синяя птичка Luna; подтверждённые соседние эпизоды Episode 1 и Episode 2",да,0.1016949152542373,0.0,7,"в первые 1–3 секунды показан спящий щенок Max в красной будке, закадровый голос говорит, что некоторые сны кажутся слишком реальными","робот сканирует спящего щенка, тот исчезает во вспышке, после чего R2 и Luna входят через Dream Machine в непредсказуемый мир снов и сталкиваются с нарушенной гравитацией, ожившими пончиками и монстрами","в мире снов появляется предупреждение LOW BATTERY, пространство начинает разрушаться и распадаться на разноцветные кубики/пиксели, героям приходится спасаться через радужный портал","герои выбираются в реальный мир, затем показана нарезка новых приключений и экран Coming Soon с анонсом Episode 4 и призывом подписаться",https://www.youtube.com/watch?v=FJ0Ca98owYs,"высокое — заголовок, канал, подписчики, просмотры, длительность и серийность подтверждены страницами YouTube, сюжет проверен просмотром/мультимодальным анализом ролика, но точная дата публикации публично не извлеклась из-за ограничения YouTube для неавторизованного просмотра.",https://www.youtube.com/watch?v=_hTSrSkntEI\nhttps://www.youtube.com/@AIFunCartoons-i4n/videos\nhttps://www.youtube.com/watch?v=FJ0Ca98owYs\nhttps://www.youtube.com/watch?v=6snspcdcch8
19,en,AI Fun Cartoons (URL канала: https://www.youtube.com/@AIFunCartoons-i4n),https://www.youtube.com/@AIFunCartoons-i4n),😂 Lazy Boy vs Angry Remote & Coffee Mug’s Revenge ☕ | Talking Objects Universe Ep. 3 & 4#viralvideo,https://www.youtube.com/watch?v=eNogxi2tj8Y,не найдено,11,118,193,другое,"Talking Objects Universe, двойной выпуск Ep. 3 & 4; повторяющиеся архетипы/персонажи — ленивый мальчик/человек и ожившие предметы (пульт, кружка, будильник, ноутбук); в финале прямо анонсирован следующий эпизод про ответный удар будильника",да,0.09322033898305085,0.0,7,"в первые 1–3 секунды мальчик в синей пижаме лежит на оранжевом диване, рядом плачущее антропоморфное оранжевое существо, а на фоне телевизор с сердитым лицом","ленивые люди пытаются бездействовать и уклоняться от дел, тогда как ожившие предметы быта требуют активности/пробуждения/работы и противостоят им","единого сквозного поворота не найдено — это компиляция коротких скетчей; в отдельных сценах предметы начинают физически воздействовать на людей или саботировать их, включая пульт, заставляющий мальчика двигаться, и кружку, намеренно выливающую кофе","мальчик сидит за ноутбуком рядом с антропоморфными кружкой и будильником; на экране появляется персонаж в кепке и говорит «Next episode, the alarm clock strikes back», после чего будильник и кружка смеются, а мальчик вздыхает",https://www.youtube.com/watch?v=ntva7eQ5I0w,"высокое — заголовок, канал, URL канала, просмотры, подписчики и длительность подтверждены открытыми страницами YouTube, сюжет и язык дополнительно проверены анализом самого ролика, но точная дата публикации публично не отображалась из-за ограничения страницы.",https://www.youtube.com/watch?v=eNogxi2tj8Y\nhttps://www.youtube.com/@AIFunCartoons-i4n/videos\nhttps://www.youtube.com/watch?v=ntva7eQ5I0w
20,en,Case Unsolved (https://www.youtube.com/@CaseUnsolved7),не найдено,The Monster Told Him to RUN... 😱 | Roblox Horror Story Part 2 #Shorts,https://www.youtube.com/shorts/fK9PrNwKoRA,не найдено,281,21800,,Shorts,"да — в заголовке указано Part 2, сюжет продолжает ролик «I Entered a Roblox School at Midnight… 😱 | Roblox Horror Story #Shorts», а финальный экран содержит «PART 3 COMING SOON...»",да,0.012889908256880734,0.0,6,"испуганный Roblox-персонаж бежит по тёмному задымлённому школьному коридору, открывает дверь с надписью EXIT, но оказывается в том же коридоре",герой заперт в бесконечной школе и пытается спастись от монстра,"герой видит огромного монстра с красными глазами, но монстр не нападает, а указывает направление и говорит «Run»","герой убегает в указанную сторону, появляется надпись «PART 3 COMING SOON...»",https://www.youtube.com/shorts/0Lyl8bNFp-s,"среднее — заголовок, канал, подписчики, просмотры, соседний эпизод и сюжет подтверждены открытой страницей YouTube и анализом доступного ролика, но дата и длительность публично не извлеклись.",https://www.youtube.com/shorts/fK9PrNwKoRA\nhttps://www.youtube.com/@CaseUnsolved7/shorts\nhttps://www.youtube.com/shorts/0Lyl8bNFp-s\nhttps://www.youtube.com/oembed?url=https://www.youtube.com/watch?v=fK9PrNwKoRA&format=json
21,en,"IRAYBS FILMS (@iraybsfilms), URL канала: https://www.youtube.com/@iraybsfilms",https://www.youtube.com/@iraybsfilms,DEMONS UNLEASHED IN MY HOUSE PART 3 #shorts,https://www.youtube.com/shorts/x_IGFhPo2GA,не найдено,90,435,,Shorts,да — прямо обозначена как PART 3; соседние части на канале: THE FIRST HAUNT PART 2 и EVIL UNLEASHED - PART 1,да,0.20689655172413793,0.0,6,"заставка «START OF PART 3. MY WHOLE HOUSE IS HAUNTED» с жуткой улыбающейся фигурой у окровавленной двери, затем мужчина в темноте читает испачканную красным записку",мужчина сталкивается с пугающими сверхъестественными явлениями в доме — скримером и самопроизвольно движущимися предметами,"лёжа на полу, он резко открывает глаза и смотрит вверх с ужасом","над ним на потолке появляется окровавленная сущность, висящая вверх ногами, после чего следует заставка «END OF PART 3. MY WHOLE HOUSE IS HAUNTED»",https://www.youtube.com/shorts/XmlbvjYYhS8,"среднее — заголовок, канал, URL канала, текущие просмотры, подписчики, формат Shorts, серийность и сюжет подтверждены открытой страницей/каналом и анализом доступного видео, но YouTube пометил ролик как недоступный в плеере, поэтому дата и длительность публично не подтверждены.",https://www.youtube.com/shorts/x_IGFhPo2GA\nhttps://www.youtube.com/@iraybsfilms/shorts\nhttps://www.youtube.com/shorts/XmlbvjYYhS8\nhttps://www.youtube.com/shorts/qZ8eeLuacPE\nhttps://www.youtube.com/oembed?url=https://www.youtube.com/shorts/x_IGFhPo2GA&format=json
22,en,"IRAYBS FILMS (@iraybsfilms), URL канала: https://www.youtube.com/@iraybsfilms",https://www.youtube.com/@iraybsfilms,HOUSE CLEANING HORROR - PART 5 #horrorshort,https://www.youtube.com/shorts/kKCzLW8tgbk,не найдено,28,435,,Shorts,"явно серийный ролик с маркировкой PART 5; ролик входит в публичный плейлист VERTICAL HORROR SHORT FILMS из 7 видео, где также перечислены PART 1–4 и PART 6; повторяющиеся персонажи: не подтверждено",да,0.06436781609195402,0.0,6,заставка с окровавленным человеком со светящимися глазами и надписями «START OF PART 5» и «CLEANING WAS NEVER THIS TERRIFYING»,"мужчина в доме слышит разбившееся стекло, идёт убирать осколки и сталкивается с пугающим присутствием в темноте","луч фонаря на пылесосе показывает фигуру в дверном проёме, после отключения света она оказывается ближе, а затем исчезает","рядом с лицом мужчины внезапно появляется кричащий монстр, после чего ролик обрывается и появляется заставка «END OF PART 5. FOLLOW FOR MORE HORROR»",https://www.youtube.com/shorts/ICLQvHQKpF0,"среднее — заголовок, канал, URL канала, просмотры, подписчики, серийность, соседний эпизод и сюжет подтверждены открытыми страницами YouTube и анализом самого ролика, но дата публикации и длительность публично не извлеклись, а прямой Shorts-плеер показывал «Video unavailable».",https://www.youtube.com/shorts/kKCzLW8tgbk\nhttps://www.youtube.com/@iraybsfilms/shorts\nhttps://www.youtube.com/playlist?list=PL54MIU52VWD9ZXboIKYerkjx45MUIGW0m\nhttps://www.youtube.com/shorts/ICLQvHQKpF0
23,en,"DRM English Dubbed (@drmenglishdubbed), URL канала: https://www.youtube.com/@drmenglishdubbed",https://www.youtube.com/@drmenglishdubbed,He Loved Every Little Thing About Her 🥰❤️ | Threads of Love | G1536,https://www.youtube.com/shorts/NdcHaYtnnwM,не найдено,1,306000,,Shorts,"да — ролик помечен Threads of Love и G1536, канал публикует повторяющиеся короткие фрагменты с теми же персонажами/сюжетной линией; полный сериал размещён в плейлисте Watch All Episodes | Threads of Love | English Dubbed",да,3.26797385620915e-06,0.0,6,обеспокоенная женщина отвечает на телефонный звонок,по телефону сообщают трагическое известие из больницы — человека атаковали и выбросили из движущегося автобуса; другая женщина реагирует враждебно и называет происходящее «драмой»,"выясняется, что пострадавшая — Амайя, а не Мира","сцена обрывается на крупных планах шокированных лиц, после чего появляется рекламная заставка с призывом посмотреть полную историю",https://www.youtube.com/watch?v=saP0vgirPJo,"среднее — заголовок, канал, публичные просмотры и подписчики подтверждены открытыми страницами, серийность и сюжет проверены анализом ролика, но дата и длительность исходного Shorts недоступны из-за статуса Video unavailable.",https://www.youtube.com/shorts/NdcHaYtnnwM\nhttps://www.youtube.com/@drmenglishdubbed/shorts\nhttps://www.youtube.com/playlist?list=PLXd471CHFK_w\nhttps://www.youtube.com/watch?v=saP0vgirPJo
24,en,The Land Of Boggs (URL канала: https://www.youtube.com/@TheLandofBoggs),https://www.youtube.com/@TheLandofBoggs),The Coolest Coffee Order?!,https://www.youtube.com/shorts/OvBfS30UNn4,2026-08-07,5426416,9810000,,Shorts,серийный анимационный проект The Land Of Boggs с повторяющимися персонажами Boggo и Boe,да,0.5531514780835882,0.0,5,"«Wanna grab coffee?» — приглашение выпить кофе, зафиксированное в открытом фрагменте описания/транскрипта",не найдено,не найдено,не найдено,https://www.youtube.com/watch?v=jF6zrWs9IzY,"среднее — заголовок, канал, дата, просмотры и подписчики подтверждены открытой страницей YouTube на срез 21.08.2026, но ролик отображался как недоступный для воспроизведения, поэтому длительность и полный сюжет (конфликт, поворот, финал) не подтверждены.",https://www.youtube.com/shorts/OvBfS30UNn4\nhttps://www.youtube.com/watch?v=OvBfS30UNn4\nhttps://www.youtube.com/@TheLandofBoggs/shorts\nhttps://www.youtube.com/watch?v=jF6zrWs9IzY\nhttps://www.facebook.com/thelandofboggs/videos/the-coolest-coffee-order/1592857802544347/
25,en,"IRAYBS FILMS (@iraybsfilms), URL канала: https://www.youtube.com/@iraybsfilms/shorts",https://www.youtube.com/@iraybsfilms/shorts,ONLINE DATING IS TERRIFYING PART 4 #horrorshort,https://www.youtube.com/shorts/kSt7FC-qWVA,не найдено,36,435,,Shorts,"да — в начале и конце ролика явно указаны START OF PART 4 и END OF PART 4; повторяющийся элемент серии — трёхглазая улыбающаяся фигура, появляющаяся в рамочной заставке",да,0.08275862068965517,0.0,5,первые 1–3 секунды показывают жуткую улыбающуюся трёхглазую фигуру с ноутбуком и текстом “START OF PART 4. ONLINE DATING IS SO SCARY”,"мужчина записывает видео для профиля онлайн-знакомств, но запись начинает самостоятельно искажаться, показывать угрожающие сообщения и сверхъестественно преследовать его","записанная версия мужчины отворачивается не так, как он в реальности, затем появляется надпись “WE ARE HERE”, после чего монстр выходит из экрана в комнату","монстр нападает, мужчина падает со стула и прячется на полу в темноте, затем возвращается заставка с текстом “END OF PART 4. FOLLOW FOR MORE HORROR”",не найдено,"среднее — заголовок, канал, публичные просмотры, подписчики, формат Shorts и серийность подтверждены открытыми страницами, но YouTube показывал «Video unavailable», поэтому дата, длительность и URL именно соседней части не удалось подтвердить.",https://www.youtube.com/shorts/kSt7FC-qWVA\nhttps://www.youtube.com/@iraybsfilms/shorts\nhttps://www.youtube.com/playlist?list=PL54MIU52VWD9ZXboIKYerkjx45MUIGW0m
26,en,AI Fun Cartoons (@AIFunCartoons-i4n,https://www.youtube.com/@AIFunCartoons-i4n),The Lonely Puppy and the Lost Robot 🤖🐶 | AI Fun Cartoons Episode 1,https://www.youtube.com/watch?v=6snspcdcch8,2025-10-28,16,118,648,другое,Episode 1; серийная AI-анимация с повторяющимися персонажами Max — щенок и R2 — робот; на странице канала подтверждён соседний Episode 2,да,0.13559322033898305,0.0,5,не найдено,не найдено,не найдено,не найдено,https://www.youtube.com/watch?v=FJ0Ca98owYs,"высокое — заголовок, канал, URL канала, язык, дата, просмотры, подписчики и длительность подтверждены страницей ролика и страницей канала; сюжетные микродетали первых секунд, поворот и финал публично не подтверждены доступным текстом.",https://www.youtube.com/watch?v=6snspcdcch8\nhttps://m.youtube.com/@AIFunCartoons-i4n/videos?view=0&sort=dd&shelf_id=2\nhttps://www.youtube.com/watch?v=FJ0Ca98owYs\nhttps://www.youtube.com/shorts/xisNQUatzlA
27,en,The Land Of Boggs (https://www.youtube.com/@TheLandofBoggs),не найдено,Only a vegetable can heal me,https://www.youtube.com/shorts/81SYX7yF2go,2026-08-14,2572952,,13,Shorts,"повторяемая анимационная серия The Land Of Boggs с постоянными персонажами Boggo и Boe; в данном ролике визуально наблюдается один главный оранжевый персонаж, похожий на Boe",да,,,7,"персонаж лежит лицом вниз среди мусора, пустых стаканов и коробок от пиццы, выглядит тяжело больным и стонет","герой страдает от сильного недомогания и ползёт к куче мусора, где на разделочной доске лежат свежие овощи","после укуса моркови он мгновенно «исцеляется» — появляются лучи из глаз, левитация, блестящий розовый фон и гиперболически счастливое лицо","герой сидит на чистом красном диване, говорит, что чувствует себя намного лучше, но снова ест вредные чипсы",https://www.youtube.com/shorts/qYCONY6yy-Y,"высокое — заголовок, канал, дата, просмотры и длительность извлечены из публичных данных YouTube; сюжет подтверждён визуальным анализом доступного видео и кросс-постом Facebook, а точное число подписчиков не указано, поскольку публично отображается только округлённое значение 9.81M.",https://www.youtube.com/shorts/81SYX7yF2go\nhttps://www.youtube.com/@TheLandofBoggs\nhttps://www.facebook.com/thelandofboggs/videos/only-a-vegetable-can-heal-me/1739806383898955/\nhttps://www.tiktok.com/@thelandofboggs/video/7673963947644472589\nhttps://www.youtube.com/shorts/qYCONY6yy-Y
28,en,GoodShort Moments (https://www.youtube.com/@GoodShortMoments-1),не найдено,Ungrateful family faces his wrath💥Found A Homeless Genius To Save My Company😈 #goodshort,https://www.youtube.com/watch?v=mG7sxxfpl3w,2026-04-25,902153,,1751,вертикальный эпизод,да — 2-й из 3 видео в публичном плейлисте Found A Homeless Genius To Save My Company; повторяющиеся персонажи Ethan Dalton и Richard Harrington,да,,,7,"в первые 1–3 секунды женщина в чёрном платье входит в помещение с телохранителями, один телохранитель поднимает с колен мужчину в коричневом костюме","компания Richard Harrington на грани банкротства, приёмные дети вместе с соперником Samuel West пытаются отобрать её, пока Richard ищет деньги для сотрудников и лечения жены","в момент, когда Richard готов подписать передачу компании, появляется CEO Ethan Dalton, оказавшийся мальчиком, которому Richard помог 15 лет назад","личность Ethan раскрыта, противники потрясены, их план рушится, ролик заканчивается клиффхэнгером и логотипом приложения",https://www.youtube.com/watch?v=SXcABNri7Dc,"высокое — заголовок, канал, дата, просмотры и длительность подтверждены страницей YouTube, серийность и соседние эпизоды публичным плейлистом, а сюжетные признаки проверены по описанию и анализу доступного видеоряда; точное число подписчиков публично не показано.",https://www.youtube.com/watch?v=mG7sxxfpl3w\nhttps://www.youtube.com/playlist?list=PLsayEnmpsGe-n7X42EN64kZKe6ptj7S4j\nhttps://www.youtube.com/@GoodShortMoments-1\nhttps://www.goodshort.com/drama/found-a-homeless-genius-to-save-my-company-31001349156
29,en,Matthew Raymond Extra and Matthew Raymond,не найдено,FUNNIEST Shorts of March 2026 😂,https://www.youtube.com/watch?v=3ZIjJfw3qOQ,2026-04-21,19000,,784,другое,"Компиляция независимых комедийных скетчей с повторяющимися персонажами и брендингом Matthew Raymond; подтверждённые персонажи включают Тайрона, Марджори, Бабушку, Офицера Ленарда и других; соседние месячные сборники присутствуют на том же канале",да,,,7,"В первые 1–3 секунды Тайрон в красной футболке сидит за школьной партой, жалуется на скучный урок и предлагает отпустить всех домой; появляется CTA Like","Единого конфликта у ролика-компиляции нет; отдельные скетчи содержат самостоятельные комедийные конфликты, но без единой сюжетной линии",не найдено для единого ролика-компиляции,"В последнем скетче Тайрон жалуется на облысение и принимает за парик мёртвое животное, вцепившееся ему в макушку; около 12:58 появляется чёрный экран с логотипом MATTHEW RAYMOND и CTA Subscribe",https://www.youtube.com/watch?v=6_aQmxV6c3I,"среднее — заголовок, канал, дата, просмотры и длительность подтверждены открытой страницей/поиском и анализом видео, но число подписчиков публично не отобразилось из-за ограничения YouTube, а сюжетные поля относятся к компиляции независимых скетчей.",https://www.youtube.com/watch?v=3ZIjJfw3qOQ\nhttps://www.youtube.com/c/MatthewRaymondExtra/videos\nhttps://www.youtube.com/watch?v=6_aQmxV6c3I\nhttps://www.youtube.com/watch?v=hn5ouVUKYkI\nhttps://www.youtube.com/watch?v=dEzm0eP3Itk
30,en,Cat Dog Diary (URL канала: https://www.youtube.com/@CatDogDiary-6868),https://www.youtube.com/@CatDogDiary-6868),My Terrified Rescue Kitten “Tamed” My Rescue Puppy... Now He Thinks He's a Kitten!,https://www.youtube.com/watch?v=oQc5kD7UCBo,2026-08-20,8421,,371,другое,"повторяющиеся персонажи — серо-белый кот и коричневый щенок таксы; ролик относится к повторяемой серии историй Cat Dog Diary, что подтверждается соседними роликами канала и водяным знаком «YouTube Cat Dog Diary»",да,,,7,"в первые 1–3 секунды серо-белый кот на спинке серого дивана бьёт лапой коричневого щенка таксы, который тянется к нему","щенок и кот активно борются и играют — щенок напрыгивает и покусывает кота, кот отбивается лапами (0:00–2:31), затем взаимодействие продолжается на ковре (2:32–5:15)","активная борьба сменяется сценой отдыха — щенок ложится в зелёную лежанку, кот с столика трогает его за хвост и ещё немного дразнит, после чего теряет интерес и уходит (5:16–5:54)","щенок остаётся один в зелёной лежанке, кладёт морду на бортик, моргает и засыпает (5:55–6:11)",https://www.youtube.com/watch?v=-EfPwPNCNZo,"высокое — заголовок, канал, URL канала, дату, просмотры и длительность сверены по открытой странице YouTube и oEmbed; число подписчиков не указано, поскольку страница показывает только округлённое «29.5K», а сюжет и серийность проверены визуальным анализом ролика и соседним видео.",https://www.youtube.com/watch?v=oQc5kD7UCBo\nhttps://www.youtube.com/oembed?url=https://www.youtube.com/watch?v=oQc5kD7UCBo&format=json\nhttps://www.youtube.com/@CatDogDiary-6868\nhttps://www.youtube.com/watch?v=-EfPwPNCNZo
31,en,"ANOMALY | Original Series (@AnomalyUFOSeries), URL канала: https://www.youtube.com/@AnomalyUFOSeries",https://www.youtube.com/@AnomalyUFOSeries,ANOMALY | EP1 | USO (TEASER),https://www.youtube.com/shorts/sPO3xbI1Ik4,2026-02-03,5712,,33,Shorts,"тизер первого эпизода повторяемой вертикальной мини-драмы/оригинальной серии ANOMALY; канал также содержит ANOMALY | EPISODE 2 [TEASER], повторяющиеся эпизодические обозначения и общий сериал",да,,,7,"титр «Inspired by documented events» («Вдохновлено задокументированными событиями»), рука с эскизом и резкая вспышка крупной цифры «4»","мужчина в футуристической гарнитуре рассказывает о наблюдении под водой — нечеловеческий объект двигался слишком быстро для подводной лодки, при этом океан исследован менее чем на 20%","после появления девушки с доской для серфинга следуют хаотичные подводные кадры со светящимися синими объектами и её шокированное лицо, смотрящее вверх","ночной горизонт океана, титр «ANOMALY EPISODE 1», затем чёрный экран с надписью «Created by Matthew Thompson»",https://www.youtube.com/shorts/VKicbO7p9yI,"среднее — заголовок, канал, дата, просмотры, длительность и серийность подтверждены прямой страницей/встроенными метаданными YouTube и страницей канала, но число подписчиков публично не обнаружено, а исходная Shorts-страница показывает «Video unavailable».",https://www.youtube.com/shorts/sPO3xbI1Ik4\nhttps://www.youtube.com/@AnomalyUFOSeries/shorts\nhttps://www.youtube.com/oembed?url=https://www.youtube.com/shorts/sPO3xbI1Ik4&format=json\nhttps://www.youtube.com/shorts/VKicbO7p9yI\nhttps://www.imdb.com/title/tt42357340/\nhttps://www.youtube.com/watch?v=Zs6UDYnmKZA
32,en,SbignMation (https://www.youtube.com/@sbignmation),не найдено,STEVE.exe - Part 2 | Minecraft Animation,https://www.youtube.com/shorts/7bODUoNZf7Q,2026-08-20,,49,15,Shorts,"серийный ролик, часть 2 из серии STEVE.exe; на канале публично видны Part 1, Part 2 и Part 3, повторяющиеся персонажи/образы Minecraft, включая красного человечка, зомби и Херобрина",да,,,7,в первые 1–3 секунды красный человечек сражается с двумя зомби в лесу Minecraft и ударом ноги отбрасывает одного из них,"отлетевший зомби приземляется в кусты, превращается в Херобрина и возвращается с синей магической аурой","Херобрин возвращается, бьёт красного человечка и второго зомби, отправляя второго в полёт","Херобрин начинает серию быстрых ударов по красному человечку, после чего появляется надпись «SUB OR SMASH» с сердечками",https://www.youtube.com/shorts/ePNjeTEjnik,"высокое — заголовок, канал, подписчики, дата и серийность подтверждены публичными страницами YouTube; точное число просмотров и иные неотображённые поля не подставлялись.",https://www.youtube.com/shorts/7bODUoNZf7Q\nhttps://www.youtube.com/@sbignmation\nhttps://www.youtube.com/shorts/ePNjeTEjnik\nhttps://www.youtube.com/shorts/kRqooW0BfFk
33,en,Matthew Raymond (URL канала: https://www.youtube.com/@MatthewRaymond),https://www.youtube.com/@MatthewRaymond),LaBoogie’s EVIL Doll ep. 2 👀 (YOU DECIDE),https://www.youtube.com/watch?v=TN8sxaKg2rA,2025-08-21,,2950000,794,другое,"серийный повторяемый эпизод «LaBoogie’s EVIL Doll», ep. 2; повторяющиеся персонажи: Matthew, Tyrone, Jada и другие персонажи вселенной Matthew Raymond",да,,,7,"на чёрном фоне появляется анимированный персонаж с большими глазами и открытым ртом в красной футболке, затем из-за его спины на мгновение появляется жуткая синекожая кукла с оранжевыми волосами","герои пытаются избавиться от пугающей куклы, которую связывают со странными происшествиями и преступлениями","продавца новой куклы находят мёртвым, а затем кукла, запертая в багажнике, таинственно оказывается внутри запертого дома","Matthew и Tyrone оказываются заперты снаружи, появляется открытый финал «WHAT HAPPENS NEXT?» с выбором «MATTHEW’S PLAN» или «TYRONE’S PLAN»",https://www.youtube.com/watch?v=7i-7y3lN9Sk,"среднее — заголовок, канал, язык, дата, подписчики, длительность, серийность и сюжет подтверждены открытой страницей YouTube, страницей канала и независимыми источниками, но текущий счётчик просмотров на момент среза публично не извлечён.",https://www.youtube.com/watch?v=TN8sxaKg2rA\nhttps://www.youtube.com/@MatthewRaymond\nhttps://www.youtube.com/watch?v=7i-7y3lN9Sk\nhttps://matthew-raymond.fandom.com/wiki/LaBoogie%27s_EVIL_Doll\nhttps://vidiq.com/youtube-stats/channel/@matthewraymond/
34,en,"Marlycoal Comedy (@marlycoalcomedy), URL канала: https://www.youtube.com/@marlycoalcomedy",https://www.youtube.com/@marlycoalcomedy,🎬ENGLAND GRAMMAR SCHOOL is now Showing on YOUTUBE #comedy #grammarschools #english,https://www.youtube.com/shorts/4oe_vjoQz2k,не найдено,,214000,60,Shorts,"да — ролик промо/фрагмент повторяемой комедийной вселенной ENGLAND GRAMMAR SCHOOL; на странице указан связанный Episode 1, а на канале и в открытом поиске обнаружен Episode 2; повторяющиеся персонажи/актерский состав в школьной сцене наблюдаемы, но имена не подтверждены",да,,,6,"учитель в школьном классе заявляет, что покажет, как приветствовать учителя, сразу используя намеренно исковерканный английский","комедийный абсурд — учитель обучает класс неправильной фразе-приветствию, а ученики энтузиастично повторяют её",не найдено — действие линейно развивается как демонстрация и коллективное повторение,"ученики продолжают скандировать неправильное приветствие, затем примерно с 0:55 появляется промо-заставка ENGLAND GRAMMAR SCHOOL / Marlycoal Comedy",https://www.youtube.com/watch?v=hURbRAXVzvQ,"среднее — заголовок, канал, тип, подписчики, длительность, серийность и сюжет подтверждены прямой страницей/профилем и анализом доступного видео, но исходная страница показывает Video unavailable, поэтому дата и просмотры Shorts публично не подтверждены.",https://www.youtube.com/shorts/4oe_vjoQz2k\nhttps://www.youtube.com/@marlycoalcomedy/shorts\nhttps://www.youtube.com/watch?v=dUIeREBqYoY\nhttps://www.youtube.com/watch?v=hURbRAXVzvQ\nhttps://www.youtube.com/hashtag/englandgrammarschool
35,en,"Vigloo - Premiere Short Dramas (@ViglooOfficial), URL канала: https://www.youtube.com/@ViglooOfficial",https://www.youtube.com/@ViglooOfficial,Good Girl Gone Bad Trailer | Vigloo Premiere Short Dramas,https://www.youtube.com/shorts/7n26BWkG5sQ,2025-08-21,,649000,,Shorts,трейлер вертикальной мини-драмы Good Girl Gone Bad; официальная связанная публикация обозначена как Ep.1-15; повторяющиеся персонажи: профессор Madeline Shaw и Knox Adams,да,,,6,"не найдено — воспроизведение ролика на прямой странице недоступно, доступна только публичная аннотация","профессор Madeline Shaw живёт по правилам, а Knox Adams выдаёт себя за студента, хотя является миллиардером-CEO на тайной миссии по поиску предателя","раскрывается скрытая личность Knox Adams и то, что романтическое притяжение связано с опасной миссией",не найдено — финал именно этого трейлера публично не наблюдался из-за недоступности воспроизведения,https://www.youtube.com/watch?v=eKr-B9YRbQc,"среднее — заголовок, ID, канал, тип, дата и серийность подтверждены прямой страницей/YouTube oEmbed и официальными либо независимыми описаниями, но просмотры, длительность и покадровые детали хука и финала недоступны из-за недоступного воспроизведения.",https://www.youtube.com/shorts/7n26BWkG5sQ\nhttps://www.youtube.com/oembed?url=https://www.youtube.com/shorts/7n26BWkG5sQ&format=json\nhttps://www.youtube.com/watch?v=eKr-B9YRbQc\nhttps://www.youtube.com/@ViglooOfficial/shorts\nhttps://www.vigloo.com/en/content/15000343\nhttps://i-love-verticals.com/reviews/good-girl-gone-bad/\nhttps://www.imdb.com/title/tt38036306/
36,en,"DRM English Dubbed (@drmenglishdubbed), URL канала: https://www.youtube.com/@drmenglishdubbed",https://www.youtube.com/@drmenglishdubbed,Their Hearts Felt At Peace Together 🥹💗 | Threads of Love | G1536,https://www.youtube.com/shorts/K6ViDmO_Ka0,2026-08-17,,306000,,Shorts,"серийный/повторяемый вертикальный контент по мини-драме Threads of Love, повторяющиеся персонажи и обозначение серии G1536",да,,,6,"В первые 1–3 секунды мужчина и женщина ведут напряжённый диалог: мужчина говорит «Такая женщина», женщина резко спрашивает, что он имеет в виду, и обвиняет его в плохих словах о её матери","спор мужчины и женщины о виновности или невиновности матери женщины, Памми Капур",женщина переходит от словесной защиты к действию и передаёт полицейскому письма как доказательства невиновности матери,заставка с призывом подписаться на YouTube-канал DRM DRAMA English,https://www.youtube.com/shorts/NdcHaYtnnwM,"высокое — заголовок, автор, URL канала, дата, серийность и подписчики подтверждены открытыми страницами YouTube/playlist, а сюжет проверен анализом доступного видео; просмотры и длительность публично не извлечены и поэтому помечены как «не найдено».",https://www.youtube.com/shorts/K6ViDmO_Ka0\nhttps://www.youtube.com/watch?v=K6ViDmO_Ka0\nhttps://www.youtube.com/oembed?url=https://www.youtube.com/shorts/K6ViDmO_Ka0&format=json\nhttps://www.youtube.com/@drmenglishdubbed\nhttps://www.youtube.com/@drmenglishdubbed/shorts\nhttps://www.youtube.com/playlist?list=PLMfuIStZNE0tY5DukuaEzUQz8oFU9VWnA\nhttps://www.youtube.com/shorts/NdcHaYtnnwM
37,en,"SbignMation (@sbignmation), URL канала: https://www.youtube.com/@sbignmation",https://www.youtube.com/@sbignmation,STEVE.exe - Part 1 | Minecraft Animation,https://www.youtube.com/shorts/ePNjeTEjnik,не найдено,,49,9,Shorts,да — ролик помечен Part 1; на канале публично видны Part 2 и Part 3 с теми же повторяющимися персонажами/сеттингом Minecraft,да,,,6,"00:00–00:03 — Minecraft-персонаж с белыми светящимися глазами держит сияющий синий меч, приближающийся зомби мгновенно уничтожается одним взмахом","00:03–00:04 — появляется скелет с большим боевым топором, начинается схватка и блокирование ударов","00:04–00:05 — герой приседает, уклоняется от замаха и контратакует снизу вверх, после чего скелет рассыпается на кости","00:05–00:09 — герой остаётся в победной позе, появляется призыв «SUB OR SMASH» и красные сердечки в стилистике шкалы здоровья Minecraft",https://www.youtube.com/shorts/7bODUoNZf7Q,"среднее — заголовок, канал, число подписчиков, длительность, Shorts-тип и серийность подтверждены открытыми страницами YouTube, но точные дата публикации и текущее число просмотров исходного ролика публично не извлеклись, а видеосюжет подтверждён анализом доступного видеоряда.",https://www.youtube.com/shorts/ePNjeTEjnik\nhttps://www.youtube.com/watch?v=ePNjeTEjnik\nhttps://www.youtube.com/@sbignmation\nhttps://www.youtube.com/shorts/7bODUoNZf7Q\nhttps://www.youtube.com/shorts/kRqooW0BfFk
38,en,"Vigloo - Premiere Short Dramas (@ViglooOfficial), URL канала: https://www.youtube.com/channel/UC3Lerw1TSnj5WgG8RX6g-Kg",https://www.youtube.com/channel/UC3Lerw1TSnj5WgG8RX6g-Kg,Fires of Love Trailer | Vigloo Premiere Short Dramas,https://www.youtube.com/shorts/jYD5ESpBQzM,2025-06-25,,649000,,Shorts,"трейлер вертикальной мини-драмы Fires of Love; официальная страница связывает ролик со сборником «Fires of Love Ep.1-5», а IMDb классифицирует Fires of Love как TV Mini Series/Micro-Drama; повторяющиеся персонажи: Alice, Caleb",да,,,6,не найдено — ролик недоступен для воспроизведения на проверенной странице,"подтверждён по открытым синопсисам серии: после потери памяти Alice сталкивается с опасным прошлым, семейным давлением и угрозой отношениям",не найдено для конкретных первых секунд трейлера,не найдено для конкретного трейлера,https://www.youtube.com/watch?v=MaKfDoGCxbI,"среднее — заголовок, дата, тип, канал, подписчики и серийность подтверждены открытыми страницами, но просмотры и длительность Shorts не отображались, а сам ролик был недоступен для воспроизведения, поэтому детали первых секунд, поворот и финал не подтверждены.",https://www.youtube.com/shorts/jYD5ESpBQzM\nhttps://www.youtube.com/channel/UC3Lerw1TSnj5WgG8RX6g-Kg\nhttps://www.youtube.com/watch?v=MaKfDoGCxbI\nhttps://www.imdb.com/title/tt37435102/
39,en,AI Fun Cartoons (URL канала: https://www.youtube.com/@AIFunCartoons-i4n),https://www.youtube.com/@AIFunCartoons-i4n),“Talking Objects Universe: The Alarm Clock Attack & The Angry Water Bottle 😂🎭”,https://www.youtube.com/watch?v=6SL5gsfPEMY,не найдено,,118,193,другое,"серийный повторяемый формат Talking Objects Universe, в финале прямо произносится “Episode 7”, повторяются антропоморфные предметы (красный будильник, синяя бутылка, зелёный рюкзак и другие)",да,,,6,"спящий мальчик, яростно звонящий красный будильник и закадровая фраза “Last night he ignored the alarm, but today the alarm fights back”","будильник применяет всё более агрессивные способы разбудить мальчика, затем антропоморфная бутылка требует, чтобы мальчик пил воду, а он игнорирует их","мальчик берёт бутылку, но вместо того чтобы пить, сжимает её и выливает воду себе на голову, чем приводит бутылку в ужас","мальчик сидит виновато, плачущая бутылка говорит “Episode 7, I'm reporting him to Mother Nature!”, после чего появляется анонс следующего эпизода про месть вентилятора",https://www.youtube.com/watch?v=jMpYIMbcVgQ,"среднее — заголовок, канал, URL канала, серийность, сюжет и длительность подтверждены прямыми/oEmbed-данными и анализом видео, но страница YouTube блокировала автоматический доступ к текущим просмотрам и дате публикации; число подписчиков 118 взято из открытой индексируемой страницы канала.",https://www.youtube.com/watch?v=6SL5gsfPEMY\nhttps://www.youtube.com/oembed?url=https://www.youtube.com/watch?v=6SL5gsfPEMY&format=json\nhttps://www.youtube.com/@AIFunCartoons-i4n\nhttps://m.youtube.com/@AIFunCartoons-i4n/videos?view=0&sort=dd&shelf_id=2\nhttps://www.youtube.com/watch?v=jMpYIMbcVgQ
40,en,"My Drama Shorts (@MyDramaApp), URL канала: https://www.youtube.com/@MyDramaApp",https://www.youtube.com/@MyDramaApp,Bound by Blood | Part 1 | My Drama,https://www.youtube.com/watch?v=vmqZ9petaGg,2025-08-21,,1350000,,вертикальный эпизод,"Да — Part 1, сериал Bound by Blood; официальный плейлист содержит соседние части/сводные публикации, повторяющиеся персонажи Linda и Christopher",да,,,6,"в первые 1–3 секунды молодая женщина говорит мужчине «Твоя яичница готова. И я увольняюсь», снимает и бросает фартук","Linda устраивается в клинику «Центр крови», чтобы заработать на лечение больной няни, но её начальник Christopher — вампир, а в клинике ей приходится скрывать страх и противостоять враждебной коллеге","Christopher находит старую фотографию маленькой Linda с няней и говорит «Значит, мы снова встретились», раскрывая их связь из прошлого","Linda прерывает Christopher, когда он собирается укусить сотрудницу; он хватает Linda, замечает её бейдж, его глаза светятся синим, и он приближается к её лицу — клиффхэнгер",https://www.youtube.com/watch?v=cm9vQwQZ-xA,"среднее — заголовок, канал, подписчики, серийность, сюжетные элементы и соседний эпизод подтверждены прямыми страницами YouTube и анализом ролика, но текущий точный счётчик просмотров и длительность на открытой странице не предоставлены из-за ограничения YouTube.",https://www.youtube.com/watch?v=vmqZ9petaGg\nhttps://www.youtube.com/@MyDramaApp\nhttps://www.youtube.com/playlist?list=PL6o0uj37FvQ-X4ggB2zVD-3irSYg3fBZ7\nhttps://www.youtube.com/watch?v=cm9vQwQZ-xA\nhttps://www.youtube.com/playlist?list=PLokooRAn2xvN3o4d-_E042HZeRZeWoJO_\nhttps://m.imdb.com/title/tt37582766/
41,en,DRM DRAMA English (@drmdramaenglish,https://www.youtube.com/@drmdramaenglish/shorts),The Scene That Left Everyone Silent ❤️💔 | Threads of Love | G153,https://www.youtube.com/shorts/JQWlnRv4HIk,2026-06-06,251,,,Shorts,да — ролик маркирован G153 и относится к повторяющейся романтической драме Threads of Love; описание канала/ролика указывает на ежедневный выпуск эпизодов и персонажа Meera,да,,,5,"не найдено — видеоплеер на прямой странице недоступен, поэтому первые 1–3 секунды нельзя подтвердить","подтверждено на уровне описания серии — свободолюбивая Meera сопротивляется попытке семьи и bridal school сформировать из неё «идеальную невесту», но конкретная конфликтная сцена этого ролика не подтверждена",не найдено,не найдено,https://www.youtube.com/watch?v=00Mv38GItOA,"среднее — заголовок, канал, дата, просмотры, принадлежность к Shorts и серийность подтверждены прямой страницей/открытым поиском, но подписчики и длительность недоступны, а сюжетные детали первых секунд, поворота и финала не проверяются из-за статуса Video unavailable.",https://www.youtube.com/shorts/JQWlnRv4HIk\nhttps://www.youtube.com/@drmdramaenglish/shorts\nhttps://www.youtube.com/watch?v=00Mv38GItOA\nhttps://www.youtube.com/playlist?list=PLE8zyZ37b6rM
42,en,"Kinigra Deon (@KinigraDeon), URL канала: https://www.youtube.com/@KinigraDeon",https://www.youtube.com/@KinigraDeon,When The boy you love betrays you 💔 #kinigradeon,https://www.youtube.com/shorts/CpDVNcaHse4,не найдено,,6050000,,Shorts,"вертикальный тизер/отрывок, ведущий на полнометражный эпизод «BOYFRIEND FOR SALE 🤑 | “Love For A Price”| Kinigra Deon»; в кадре два персонажа — девушка с косичками и парень с афро-прической; номер эпизода не найдено",да,,,5,девушка сразу требует от парня ответа: «Мой брат заплатил тебе? Да или нет»,"девушка считает, что парень общается с ней только из-за денег её брата, обвиняет его в предательстве и перебивает попытки объясниться","она заявляет, что больше не будет тратить на него время, показывает средний палец с кольцом в виде часов и уходит","парень остаётся один и говорит, что ему не дали поговорить; затем появляется призыв посмотреть полное видео и изображение с надписью «Купи парня» (Buy a Boyfriend)",https://www.youtube.com/watch?v=Ri_ogs2aPs0,"среднее — заголовок, канал, язык, тип Shorts, подписчики, сюжет и ссылка на полный соседний материал подтверждены публичными страницами и видеоанализом, но дата публикации, точные просмотры и длительность недоступны из-за публичного статуса страницы «Video unavailable».",https://www.youtube.com/shorts/CpDVNcaHse4\nhttps://www.youtube.com/@KinigraDeon\nhttps://www.youtube.com/watch?v=Ri_ogs2aPs0
43,en,"TS X USA (@TSXUSA), URL канала: https://www.youtube.com/@TSXUSA",https://www.youtube.com/@TSXUSA,I Found a Secret Door in Roblox... What Happened Next Was Terrifying! 😱 | Part 1 #shorts,https://www.youtube.com/shorts/TFgT4Zn0Fac,не найдено,,54,,Shorts,"В заголовке явно указано Part 1; повторяемая Roblox-хоррор/мини-драматическая подача канала подтверждается другими роликами с маркировкой Part 2 и Roblox Horror Story, но прямую сюжетную связь именно этого ролика с найденным Part 2 подтвердить нельзя",да,,,5,"не найдено — ролик на прямой странице помечен как Video unavailable, поэтому первые 1–3 секунды не наблюдаемы",не найдено — содержание недоступно,не найдено — содержание недоступно,не найдено — содержание недоступно,https://www.youtube.com/shorts/929qM3w4cl8,"среднее — заголовок, Shorts-тип, канал и 54 подписчика подтверждены открытыми страницами YouTube, но ролик недоступен для просмотра, поэтому дата, просмотры, длительность и сюжетные поля не подтверждаются.",https://www.youtube.com/shorts/TFgT4Zn0Fac\nhttps://www.youtube.com/watch?v=TFgT4Zn0Fac\nhttps://www.youtube.com/@TSXUSA/shorts\nhttps://www.youtube.com/shorts/929qM3w4cl8
44,en,Kinigra Deon (URL канала: https://www.youtube.com/channel/UC9HvSOvNpFpjydzDkAQJCNw),https://www.youtube.com/channel/UC9HvSOvNpFpjydzDkAQJCNw),Kinigra Deon’s HOUSE of LOVE ❤️ | Episode 1,https://www.youtube.com/watch?v=yiXbuxb0zFQ,не найдено,,6050000,3228,другое,да — Episode 1 сериальной вертикальной мини-драмы/шоу House of Love; повторяющиеся участники и сюжетная линия продолжаются в Ep.2 и последующих эпизодах,да,,,5,в открытом фрагменте/описании первого эпизода подтверждён вопрос-знакомство «Who’s most likely to break someone’s heart?»,"участники дома должны разбираться в романтическом выборе и совместимости, однако подробности конфликта первого эпизода по доступным источникам не подтверждены",не найдено,не найдено,https://www.youtube.com/watch?v=ZBUdSpigcCk,"среднее — заголовок, канал, URL канала, язык, длительность, подписчики и серийность подтверждены открытыми страницами, но точная дата и точные текущие просмотры первого ролика, а также поворот и финал не были надёжно доступны из-за ограниченной загрузки страницы YouTube и отсутствия полного публичного транскрипта.",https://www.youtube.com/watch?v=yiXbuxb0zFQ\nhttps://www.youtube.com/@KinigraDeon/videos\nhttps://www.youtube.com/playlist?list=PLBxSgKXg7iVc\nhttps://www.youtube.com/watch?v=ZBUdSpigcCk\nhttps://www.noxinfluencer.com/youtube/video-analytics/yiXbuxb0zFQ\nhttps://www.tiktok.com/@loveiseverywhereeeee/video/7649246581014744333
45,en,Kinigra Deon (URL канала: https://www.youtube.com/c/KinigraDeon),https://www.youtube.com/c/KinigraDeon),GIRL FALLS FOR HER NEIGHBOR | Country Love Ep.2,https://www.youtube.com/watch?v=Ty_lhncnuTk,2026-05-14,1200790,,1827,другое,"Country Love, эпизод 2; в описании прямо указано, что это Episode 2, а на странице доступны соседние эпизоды 1 и 3; повторяемая серия с персонажами Seraph и Applejack подтверждается описанием/связью с Episode 1",да,,,4,не найдено,не найдено,не найдено,не найдено,https://www.youtube.com/watch?v=lm3SEDHwIAw,"среднее — заголовок, канал, дата, просмотры, длительность и серийность подтверждены открытой страницей YouTube, но точное число подписчиков и посекундная сюжетная структура публично не подтверждены.",https://www.youtube.com/watch?v=Ty_lhncnuTk\nhttps://www.youtube.com/c/KinigraDeon\nhttps://www.youtube.com/watch?v=lm3SEDHwIAw\nhttps://www.youtube.com/watch?v=8rSqLF9WOuE
46,en,"TS X USA (@TSXUSA), URL канала: https://www.youtube.com/@TSXUSA",https://www.youtube.com/@TSXUSA,The Secret Roblox Game Disappeared... 😨 | Roblox Horror Story Part 2 #shorts,https://www.youtube.com/shorts/929qM3w4cl8,2026-07-28,,54,,Shorts,"Part 2, повторяемая Roblox horror story",да,,,4,не найдено,после обнаружения секретной двери игрок оказывается единственным оставшимся на сервере,появляется пугающее сообщение «Don't look behind you»,не найдено,https://www.youtube.com/shorts/TFgT4Zn0Fac,"среднее — заголовок, канал, публичные подписчики, серийность, дата и соседний эпизод подтверждены открытыми страницами YouTube; точное число просмотров, длительность и первые 1–3 секунды недоступны из-за недоступного плеера и антибот-проверки.",https://www.youtube.com/shorts/929qM3w4cl8\nhttps://www.youtube.com/watch?v=929qM3w4cl8\nhttps://www.youtube.com/@TSXUSA\nhttps://www.youtube.com/shorts/TFgT4Zn0Fac
47,en,"DRM DRAMA English (@drmdramaenglish), URL канала: https://www.youtube.com/@drmdramaenglish",https://www.youtube.com/@drmdramaenglish,She Brought Warmth Into His Life 💖🥰 | Threads of Love | G1536,https://www.youtube.com/shorts/a-8GQUcK8Y0,2026-08-18,,248000,,Shorts,"да — ролик помечен как Threads of Love | G1536; канал публикует повторяющиеся Shorts с тем же названием серии и имеет плейлист Threads of Love all episodes (ENG DUB), 99 видео",да,,,3,не найдено,не найдено,не найдено,не найдено,https://www.youtube.com/shorts/r_TpD9o0vKM,"среднее — заголовок, ID, дата, канал, подписчики, формат Shorts и серийность подтверждены открытыми страницами, но прямой ролик на срез проверки отображался как Video unavailable, поэтому просмотры, длительность и содержание сцен не подтверждены.",https://www.youtube.com/shorts/a-8GQUcK8Y0\nhttps://m.youtube.com/shorts/a-8GQUcK8Y0\nhttps://www.youtube.com/@drmdramaenglish/shorts\nhttps://www.youtube.com/playlist?list=PLMfuIStZNE0tY5DukuaEzUQz8oFU9VWnA\nhttps://www.youtube.com/shorts/r_TpD9o0vKM
48,en,The Land Of Boggs (https://www.youtube.com/@TheLandofBoggs),не найдено,The Best of Boggo,https://www.youtube.com/watch?v=OQQra6hVgMo,2025-09-27,,9810000,,другое,компиляция/сборник материалов серии The Land of Boggs с повторяющимися персонажами Boggo и Boe,да,,,3,не найдено,не найдено,не найдено,не найдено,https://www.youtube.com/watch?v=d8E9Fye12n4,"среднее — заголовок, канал, URL канала, дата, язык, подписчики и серийный контекст подтверждены открытыми страницами/oEmbed, но текущие просмотры, длительность и содержание первых/последних сцен не удалось надёжно извлечь из-за ограниченного доступа к странице ролика.",https://www.youtube.com/watch?v=OQQra6hVgMo\nhttps://www.youtube.com/oembed?url=https://www.youtube.com/watch?v=OQQra6hVgMo&format=json\nhttps://www.youtube.com/@TheLandofBoggs\nhttps://www.youtube.com/watch?v=d8E9Fye12n4
49,en,The Land Of Boggs — https://www.youtube.com/@TheLandofBoggs,не найдено,I Wanna Pet Itttttt,https://www.youtube.com/shorts/KWntvh2HvaQ,2026-08-08,,,26,Shorts,повторяющийся анимационный сериал The Land of Boggs с постоянными персонажами Boggo и Boe,да,,,6,"Boe замечает дикое животное и с восторгом бросается его гладить, пока Boggo пытается его остановить","Boe снова и снова пытается гладить опасных диких животных и получает травмы, а Boggo безуспешно пытается его удержать","после скунса, улья и удара оленя Boe оказывается в пасти медведя","находясь в пасти медведя, Boe улыбается и говорит, что медведь мягкий и пушистый",https://www.youtube.com/shorts/OvBfS30UNn4,"среднее — заголовок, канал, дата, длительность и серийность подтверждены страницами YouTube и открытым дублем TikTok, но точные текущие просмотры и подписчики публично отображались только в округлённом виде, а основной YouTube-плеер был недоступен.",https://www.youtube.com/shorts/KWntvh2HvaQ\nhttps://www.youtube.com/@TheLandofBoggs\nhttps://www.youtube.com/@TheLandofBoggs/shorts\nhttps://www.tiktok.com/@thelandofboggs/video/7671691184477064462\nhttps://www.youtube.com/shorts/OvBfS30UNn4
50,en,Igor Davydov Animations (URL канала: https://www.youtube.com/@igordavydovanimations),https://www.youtube.com/@igordavydovanimations),Escape From Lava Rises (Part 2) - Minecraft Animation #Shorts,https://www.youtube.com/shorts/un7BhngeRjA,2026-04-20,,,62,Shorts,"Part 2; в финале указано \""TO BE CONTINUED...\"" и \""SUBSCRIBE TO PART 3\""; повторяющийся центральный персонаж — один житель Minecraft в зелёной одежде",да,,,6,в первые 1–3 секунды житель Minecraft падает вниз по шахте из коричневых блоков,персонаж бежит по узкой извилистой дорожке над большим бассейном лавы,блок-ловушка с изображением лица выпускает стрелу в персонажа,"стрела попадает в персонажа, он падает с дорожки в лаву, после чего появляется чёрный экран с текстом о продолжении",https://www.youtube.com/shorts/DC6covUFCmk,"среднее — заголовок, дата, канал, длительность, серийность, сюжет и соседний эпизод подтверждены прямой страницей/страницей канала и анализом самого ролика, но точные текущие просмотры и точное число подписчиков публично не отображались; YouTube показывал ролик как Video unavailable.",https://www.youtube.com/shorts/un7BhngeRjA\nhttps://www.youtube.com/@igordavydovanimations\nhttps://www.youtube.com/shorts/DC6covUFCmk
1,ru,"Bad Vo1ce (@BadVo1ce), URL канала: https://www.youtube.com/@BadVo1ce",https://www.youtube.com/@BadVo1ce,"Офисно-канцелярская диктатура / Смешные скетчи VLDL (юмор, приколы) #shorts",https://www.youtube.com/shorts/pn9rR8QxSG0,2024-07-11,3134998,501000,60,Shorts,"вертикальный эпизод/адаптация в повторяющейся серии VLDL «Офис» (в описании YouTube указано, что это серия выпусков про будни сотрудников офиса; повторяется офисная вселенная/персонажи VLDL и оформление BadVo1ce)",да,6.257481037924152,10.0,8,мужчина в офисе перебирает бумаги и скрепляет документы степлером,"у него заканчиваются скобы, и для получения новых он проходит очередь и абсурдную бюрократическую проверку расхода канцелярии","после проверки ему одобряют выдачу, но выдают ровно одну скобу в маленьком пластиковом стаканчике","он возвращается к столу, заряжает единственную скобу и успешно скрепляет документ, после чего охранник снимает маску, обращается к зрителям и рекламирует Telegram-канал",https://www.youtube.com/shorts/8yhLLgtt9rg,"высокое — заголовок, канал, дату, просмотры и длительность подтверждены прямой страницей/структурированными метаданными YouTube, серийность и сюжет сверены с описанием YouTube, независимыми открытыми страницами и анализом связанного видео.",https://www.youtube.com/shorts/pn9rR8QxSG0\nhttps://www.youtube.com/watch?v=4IV4DIaymJs\nhttps://www.youtube.com/@BadVo1ce\nhttps://pikabu.ru/story/kantselyarskaya_diktatura_v_ofise__vldl_ofis_na_russkom_ozvuchka_bad_vo1ce_11589471\nhttps://rutube.ru/video/4d041db9da130681ab75eb5f9493b997/\nhttps://www.youtube.com/shorts/8yhLLgtt9rg
2,ru,Яндекс Go (https://www.youtube.com/@yandextaxi),не найдено,Мини-сериал Алиса | S1E1 | Женщина за рулем,https://www.youtube.com/watch?v=HDnETOL-xJE,2020-04-16,324921,51800,732,другое,"первый эпизод первого сезона мини-сериала «Алиса», заявлено 5 эпизодов; повторяющиеся персонажи/элементы — водительница Саша/Александра и голосовой помощник Алиса, в эпизоде также появляется Женя",да,6.2726061776061774,10.0,8,"в первые 1–3 секунды наблюдаются чёрный экран, маркировка «12+» и логотипы, сюжетное действие начинается позднее","водительница Саша скрывает женскую идентичность под мужским образом, сталкиваясь с грубостью пассажира и гендерными стереотипами, а затем с конфликтом с Женей","после появления Жени и монтажной склейки он оказывается в женской блузке, что ведёт к монологу Саши о притворстве и кризисе идентичности","Саша и Женя мирятся и целуются, Саша обращается к Алисе, после чего появляется сообщение Алисы «Я не буду на это смотреть!» и начинаются титры",https://www.youtube.com/watch?v=Btg5rD3AAqk,"высокое — метаданные, канал и серийность подтверждены открытой страницей YouTube и плейлистом, сюжетные поля дополнительно проверены анализом самого ролика, а независимый трекер не найден.",https://www.youtube.com/watch?v=HDnETOL-xJE\nhttps://www.youtube.com/@yandextaxi\nhttps://www.youtube.com/playlist?list=PLlxU5Jubs4PUWN8jiTK-WxRMRwpV7nNjc\nhttps://www.youtube.com/watch?v=Btg5rD3AAqk
3,ru,Яндекс Go (URL канала: https://www.youtube.com/@yandextaxi),https://www.youtube.com/@yandextaxi),Мини-сериал Алиса | S1E2 | Машина юмора,https://www.youtube.com/watch?v=Btg5rD3AAqk,2020-04-16,283221,51800,620,другое,"второй эпизод мини-сериала из пяти эпизодов, повторяющийся персонаж/элемент — бортовой компьютер «Алиса»",да,5.467586872586873,9.2,8,"в первые 1–3 секунды — чёрный экран с маркировкой «12+», затем логотипы Яндекс Такси, MEDIALAB, screenlife, BAZELEVS и SXSW 2020 Film Festival","водитель такси Егор, начинающий стендапер, оказывается остановлен полицейским, а его провокационные шутки обостряют ситуацию","выясняется, что происходящее было розыгрышем/манипуляцией Алисы, которая устроила водителю испытание, чтобы показать последствия его оскорбительного юмора","Егор понимает, что стал жертвой розыгрыша собственного бортового ИИ, злится и угрожает судом, а Алиса иронизирует над ним; начинаются финальные титры",https://www.youtube.com/watch?v=nT20jRkkM9A,"высокое — заголовок, канал, URL канала, дата, просмотры, подписчики, длительность и серийность подтверждены открытыми страницами YouTube; сюжетные поля проверены по доступному анализу самого ролика, а точное число подписчиков и просмотров отражает публичный срез страницы на 21.08.2026.",https://www.youtube.com/watch?v=Btg5rD3AAqk\nhttps://www.youtube.com/@yandextaxi\nhttps://www.youtube.com/playlist?list=PLlxU5Jubs4PUWN8jiTK-WxRMRwpV7nNjc\nhttps://www.youtube.com/watch?v=nT20jRkkM9A\nhttps://www.youtube.com/oembed?url=https://www.youtube.com/watch?v=Btg5rD3AAqk&format=json
4,ru,XCVmind (URL канала: https://www.youtube.com/@XCVmind),https://www.youtube.com/@XCVmind),"ANOMALY, Season 1, Episode 3: The Village",https://www.youtube.com/watch?v=qntgZzuPCOI,2026-05-28,20999,53100,207,другое,"да — 3-я серия 1-го сезона вертикальной мини-драмы «Аномалия»; повторяющиеся персонажи: Алиса, рыжий кот, бабушка, дедушка и сосед; на канале также опубликованы серии 1, 2, 4, 5 и 6, а ролик входит в плейлист «Аномалия»",да,0.39546139359698684,0.0,8,"титр «АНОМАЛИЯ 3 серия» на фоне гигантского паукообразного монстра, затем Алиса на белой «Ниве» спасается от чудовища на заснеженной дороге","выживание Алисы и семьи после глобальной катастрофы с гигантскими монстрами, включая требование отчаявшегося соседа отдать машину для побега","бабушка передаёт Алисе коробку из-под лото и сообщает, что Паша просил отдать её «на случай, если что-то случится», что намекает на осведомлённость отца о катастрофе","Алиса отдыхает в доме с рыжим котом, после внезапного взрыва/удара резко открывает глаза, и серия обрывается на клиффхэнгере перед логотипом и титрами",https://www.youtube.com/watch?v=JK_ACLIqAmM,"высокое — заголовок, дата, просмотры, длительность, подписчики, описание и серийность подтверждены прямой страницей YouTube и страницей канала; сюжет дополнительно проверен визуально-звуковым анализом, а точные числовые значения зафиксированы на срез 21.08.2026.",https://www.youtube.com/watch?v=qntgZzuPCOI\nhttps://www.youtube.com/@XCVmind/videos\nhttps://www.youtube.com/watch?v=JK_ACLIqAmM\nhttps://www.youtube.com/watch?v=RNb_bR1yaaU\nhttps://www.youtube.com/playlist?list=PLSJw7MbrY-Q7RgB1Z4s0MKC1rmvtlStMW\nhttps://www.youtube.com/oembed?url=https://www.youtube.com/watch?v=qntgZzuPCOI&format=json
5,ru,"CinemaRuHub (@CinemaRuHub), URL канала: https://www.youtube.com/@CinemaRuHub",https://www.youtube.com/@CinemaRuHub,⚠️АНОМАЛИЯ №128 (ПОСТОЯЛИЦА)⚠️ #аномалии #мистика #minecraft #horror #roblox #fnaf,https://www.youtube.com/shorts/lMeqGhMQ5Oc,2025-08-21,13000,2810,61,Shorts,"да — ролик имеет номер «№128», повторяемый формат «Аномалия»/инструкции, постоянный водяной знак CinemaRuHub и общую вселенную с другими роликами канала",да,4.6263345195729535,8.3,8,тёмное заброшенное здание и резкое появление пугающей высокой женской фигуры; закадровая подача сразу вводит условие «если при исследовании заброшенного здания вы заметили высокую фигуру…»,"человек пытается выжить при встрече с паранормальной «Аномалией №128», соблюдая правила и не поддаваясь панике",примерно на 35-й секунде хоррор-нарратив сменяется стилизованной официальной «Инструкцией» с пошаговыми правилами безопасности,"предупреждение, что последствия встречи могут продолжаться после спасения, затем пиктограммы безопасности и реплика «Всё для вашей безопасности. Желаю удачи»",https://www.youtube.com/shorts/QgbXanw4Tu0,"среднее — заголовок, канал, дата, просмотры и длительность подтверждены открытыми страницами YouTube/поисковой выдачей, а сюжет проверен анализом самого ролика; YouTube помечал воспроизведение как недоступное, поэтому метрики могли быть доступны только через индексированные публичные данные и округлены.",https://www.youtube.com/shorts/lMeqGhMQ5Oc\nhttps://www.youtube.com/@CinemaRuHub/shorts\nhttps://www.youtube.com/hashtag/%D0%B0%D0%BD%D0%BE%D0%BC%D0%B0%D0%BB%D0%B8%D0%B8/shorts\nhttps://www.youtube.com/shorts/QgbXanw4Tu0
6,ru,"451º (@451degree), URL канала: https://www.youtube.com/@451degree",https://www.youtube.com/@451degree,"AI сериал \""КУСАКА\"". Сделано с помощью AI. Серия 1. \""Падение с небес\"".",https://www.youtube.com/watch?v=WjsPTMT8Vcw,2026-03-31,7224,15900,1137,другое,"серия 1 сериала «КУСАКА», с повторяющимися персонажами Сьюзи, Деборой, Полом и Дэйлом; в финале указано «END OF CHAPTER ONE»",да,0.45433962264150946,0.0,8,первые 1–3 секунды — чёрный экран с последовательными титрами «451° channel» и «presents»,"умирающий техасский городок, безработица и распад сообщества; семейное напряжение, отец недоволен бесперспективной жизнью, сын не хочет учиться; затем конфликт переходит в борьбу за выживание после падения инопланетных кораблей","во время поездки матери и дочери горящие объекты оказываются инопланетными кораблями, один из которых рушится прямо перед их машиной","Сьюзи подходит к чёрной сфере со светящимися символами, касается её, и сфера превращается в вращающийся синий портал; затем титр «END OF CHAPTER ONE»",https://www.youtube.com/watch?v=4hzQvxgliMw,"высокое — заголовок, канал, дату, просмотры, длительность и соседний эпизод подтверждает открытая страница YouTube, подписчиков — страница канала с округлённым отображением 15.9K, а сюжет и серийность дополнительно проверены по самому публичному видео.",https://www.youtube.com/watch?v=WjsPTMT8Vcw\nhttps://www.youtube.com/@451degree\nhttps://www.youtube.com/oembed?url=https://www.youtube.com/watch?v=WjsPTMT8Vcw&format=json\nhttps://www.google.com/search?q=WjsPTMT8Vcw
7,ru,Flintay (URL канала: https://www.youtube.com/channel/UC3VrtRLICFYJDyz2bnx3yRQ),https://www.youtube.com/channel/UC3VrtRLICFYJDyz2bnx3yRQ),ЧТО ТЫ ВЫБЕРЕШЬ? Часть 2 #shorts #мем #юмор #смех #опрос #выбор,https://www.youtube.com/watch?v=KNDPSeKLRwU,2024-11-04,5877,6440,60,Shorts,"да — ролик помечен как «Часть 2», а на странице канала публично видны повторяющиеся выпуски «Часть 1», «Часть 6», «Часть 7», «Часть 8», «Часть 9» и «Часть 10» в том же формате",да,0.9125776397515528,0.0,8,"с первых секунд зрителю предлагают выбрать между школой и домом, без вступления","повторяющаяся интерактивная дилемма «что выберешь?» с двумя вариантами (школа/дом, динозавры/пришельцы и другие пары)",не найдено — ролик сохраняет один и тот же формат вопросов и процентных результатов,"после последнего выбора «ПРОФЕССИЯ» или «ХОББИ» показывается результат 38%/62%, затем ролик заканчивается без сюжетной развязки",https://www.youtube.com/shorts/Zlo5GG0nvKI,"высокое — заголовок, дата, просмотры, длительность и текущие подписчики подтверждены открытой страницей YouTube, канал и серийность — страницей канала, сюжетные признаки — анализом самого ролика; независимый трекер не найден.",https://www.youtube.com/watch?v=KNDPSeKLRwU\nhttps://www.youtube.com/channel/UC3VrtRLICFYJDyz2bnx3yRQ\nhttps://www.youtube.com/shorts/Zlo5GG0nvKI\nhttps://www.youtube.com/shorts/X9cIkOYtnK0\nhttps://www.youtube.com/shorts/b1xh0QAXorE\nhttps://www.youtube.com/shorts/0RO7ShGcqls\nhttps://www.youtube.com/shorts/VLDfY6U2PAs\nhttps://www.youtube.com/shorts/YoDt3Sw_OSs
8,ru,"Кристина Сейтягьяева (@КристинаСейтягьяева-з7х), URL канала: https://www.youtube.com/@КристинаСейтягьяева-з7х/shorts",https://www.youtube.com/@КристинаСейтягьяева-з7х/shorts,Винни Пух день забот. 5 серия. Майнкрафт анимация. Animations Minecraft · @NAIZISHOW,https://www.youtube.com/shorts/NuzGHkMd8v0,2026-05-22,1200,5,30,Shorts,"в заголовке указана 5 серия; канал публично показывает 5 Shorts, опубликованных в тот же день, поэтому повторяемость подтверждается, но сюжетная связь соседних роликов не установлена",да,240.0,25,8,"в первые 1–3 секунды кот во дворе, стоя на задних лапах и опираясь передними на синий пластиковый бидон, засовывает голову в узкое горлышко; звучит русская реплика Винни-Пуха о чайной ложечке и пустом горшке","кот пытается исследовать содержимое бидона или достать что-то из него, удерживая неудобную позу","примерно на 11-й секунде кот вытаскивает голову, оглядывается вправо и прямо, затем примерно на 18-й секунде снова опускает голову в бидон","примерно на 30-й секунде кот снова вытаскивает голову, смотрит вправо, и ролик заканчивается",https://www.youtube.com/shorts/GwDQGQNwRo8,"среднее — заголовок, канал, дата, подписчики, просмотры, Shorts-статус и соседние URL подтверждены открытыми страницами YouTube, длительность и сюжет — визуальным анализом доступного ролика, но страница самого видео частично показывала Video unavailable и независимый трекер не найден.",https://www.youtube.com/shorts/NuzGHkMd8v0\nhttps://www.youtube.com/@КристинаСейтягьяева-з7х/shorts\nhttps://www.youtube.com/watch?v=AD07BsIqFz0\nhttps://www.youtube.com/shorts/GwDQGQNwRo8\nhttps://www.youtube.com/shorts/Km373j7LHHA
9,ru,Jokes of the 13th school,не найдено,"THE WORST COMPLIMENT IN THE WORLD! 🤯 Battle for circus tickets and a shock in art class \""Pranks of School 13\""",https://www.youtube.com/watch?v=L8O1orezI3s,2026-07-21,254,8350,333,другое,"серийный повторяемый юмористический киножурнал/скетч-шоу «Приколы 13й школы», ролик размещён в плейлисте «ПРИКОЛЫ 13й ШКОЛЫ. 7й СЕЗОН» (46 видео), соседние выпуски имеют нумерацию 300-я, 298-я и 297-я серии; повторяющиеся персонажи/школьная среда подтверждаются каналом и серией",да,0.030419161676646708,0.0,8,"в первые 1–3 секунды две школьницы в белых рубашках сидят за партой лицом к камере, приветствуют зрителя и жестикулируют","единый сквозной конфликт не найдено — выпуск состоит из трёх независимых юмористических скетчей о цирковых билетах, рисунке на уроке и неудачном комплименте","в одном скетче взрослый мужчина принимает рисунок восхода за яичницу и хвалит его по ошибке, а в другом самоуверенный мальчик произносит нелепый бессвязный комплимент","ведущие-школьницы возвращаются в кадр, подводят итог, смеются и произносят название сериала, мальчики на заднем плане возмущённо просят замолчать, затем прощание, логотип и титры",https://www.youtube.com/watch?v=VMgn8zKPR5U,"высокое — прямые страницы YouTube подтверждают заголовок, канал, URL канала, просмотры, подписчиков, дату через индексированную страницу, длительность, плейлист и соседние эпизоды; сюжетные поля подтверждены анализом самого публичного видео, но точная транскрипция диалогов не использовалась.",https://www.youtube.com/watch?v=L8O1orezI3s\nhttps://www.youtube.com/@schooljokes\nhttps://www.youtube.com/playlist?list=PLPDS-PI4mulfoVbknmTOjkgvABukm2OWP\nhttps://www.youtube.com/watch?v=VMgn8zKPR5U
10,ru,"Jokes of the 13th school (@schooljokes), URL канала: https://www.youtube.com/@schooljokes",https://www.youtube.com/@schooljokes,"POSED AS A TEACHER! 🤯 Nastya Zavadskaya declared WAR and an obtuse angle (Episode 298) \""Pranks of School 13\""",https://www.youtube.com/watch?v=eQVefCEDS1Q,2026-07-13,229,8350,418,другое,"да — Episode 298 проекта «Приколы 13-й школы»; в ролике прямо заявлена очередная серия, проект имеет повторяющихся школьных персонажей и канал ведёт многосерийный сериал",да,0.027425149700598804,0.0,8,"в первые 1–3 секунды девушка-подросток за школьной партой обращается к зрителям по-русски («Привет, ребята! Вы знаете, мы тут как-то посчитали…»), пока на фоне кривляется парень в очках","ролик-альманах из трёх школьных скетчей: ученики не верят новому молодому человеку, что он учитель; учитель требует от Мосина объяснить пустые места и незнание геометрии; ученики обсуждают расставание пары из параллельного класса","комедийные панчлайны в конце скетчей — молодой учитель доказывает статус фразой «А голову ты дома не забыл?», пустое место в тетради оказывается «местом для рекламы», а расставание объясняется несовпадением «религиозных взглядов», потому что парень не признал девушку «богиней»","ведущие сообщают, что «очередная серия закончилась», прощаются, на фоне продолжаются школьные гэги, затем появляется заставка «Киноцентр Евгения Крыжановского»",https://www.youtube.com/watch?v=ZJV7QsQWyKE,"среднее — заголовок, дата, длительность, просмотры и канал подтверждены открытой выдачей YouTube/страницей канала, а сюжет и серийность проверены анализом самого ролика; прямая страница ролика была ограничена антибот-проверкой, поэтому независимый трекер и точный публичный счётчик на самой watch-странице не подтверждены.",https://www.youtube.com/watch?v=eQVefCEDS1Q\nhttps://www.youtube.com/@schooljokes\nhttps://www.youtube.com/playlist?list=PLPDS-PI4mulfoVbknmTOjkgvABukm2OWP\nhttps://www.youtube.com/watch?v=ZJV7QsQWyKE\nhttps://www.kinopoisk.ru/series/4434017/
11,ru,Сделай выбор (@sdelayvibor,https://www.youtube.com/@sdelayvibor),Что ты выберешь? Часть 9 #shorts,https://www.youtube.com/watch?v=pGeroKHnwZA,2023-07-11,326000,647000,38,Shorts,"да — выпуск с явной маркировкой «Часть 9», повторяемый формат опросов «Что ты выберешь?»",да,0.5038639876352395,0.0,7,"с первых секунд зрителю предлагают выбрать между «выдавить прыщ» и «не трогать его», поверх фонового геймплея Fall Guys","последовательность бинарных дилемм, включая разбитое стекло или раскалённые угли, президента маленького государства или мэра мегаполиса и другие пары","не найдено — сюжетного твиста нет, ролик линейно сменяет вопросы","последний выбор — «верить в экстрасенсов» или «просидеть в ванне с тараканами», после чего показываются 10%/90%, а персонаж Fall Guys проваливается вниз и ролик обрывается",не найдено,"среднее — заголовок, канал, дата и индексированные просмотры подтверждены открытыми страницами, канал и содержание проверены напрямую, но YouTube ограничил автоматический доступ к странице ролика, а соседний эпизод и независимый трекер не подтверждены.",https://www.youtube.com/watch?v=pGeroKHnwZA\nhttps://www.youtube.com/@sdelayvibor\nhttps://www.youtube.com/results?search_query=%40sdelayvibor+%22%D0%A7%D1%82%D0%BE+%D1%82%D1%8B+%D0%B2%D1%8B%D0%B1%D0%B5%D1%80%D0%B5%D1%88%D1%8C%22+%22%D0%A7%D0%B0%D1%81%D1%82%D1%8C+8%22\nhttps://www.youtube.com/oembed?url=https://www.youtube.com/watch?v=pGeroKHnwZA&format=json
12,ru,"Аниматик (@Animatic-i1d), URL канала: https://www.youtube.com/@Animatic-i1d",https://www.youtube.com/@Animatic-i1d,Did Skiv lock Biscas in the basement? Episode 11 SL,https://www.youtube.com/shorts/c73d7usS5gI,2026-06-27,22000,1560,16,Shorts,"да — в заголовке прямо указано Episode 11 SL; ролик использует повторяющихся персонажей/вселенную Бискаса, а финал построен как клиффхэнгер",да,14.102564102564102,14.4,7,в первые 1–3 секунды бородатый персонаж в защитных очках обвиняет оранжевого антропоморфного лиса Бискуса в похищении сына и требует ответственности,"бородатый персонаж угрожает наказать Бискуса, после чего Бискус опасается, что его запрут в подвале",персонаж ударяет/толкает Бискуса в тёмное помещение с сундуками и закрывает дверь,"Бискас оказывается заперт в подвале и обнаруживает рядом ещё трёх антропоморфных персонажей — синего, розово-белого и зелёного",не найдено,"среднее — заголовок, URL, канал, подписчики, длительность и просмотры подтверждены открытыми страницами YouTube, дата найдена в индексе поиска, а соседний эпизод не удалось подтвердить прямым URL; сюжет проверен визуально-аудиальным анализом, поскольку исходная страница помечена как Video unavailable.",https://www.youtube.com/shorts/c73d7usS5gI\nhttps://www.youtube.com/watch?v=c73d7usS5gI\nhttps://www.youtube.com/@Animatic-i1d\nhttps://www.youtube.com/@Animatic-i1d/shorts
13,ru,"DUCKMOVIELAND (@DUCKMOVIELAND), URL канала: https://www.youtube.com/@DUCKMOVIELAND",https://www.youtube.com/@DUCKMOVIELAND,"КОД 21454 | ОН СПАС ЕЕ, А ОНА ВЫРУЧИЛА ЕГО #сериал #фильм #movie",https://www.youtube.com/shorts/Pys3v-CTOeA,2025-09-28,21000,312000,,Shorts,"серийный/повторяемый формат с кодами выпусков «КОД», хэштегами #сериал и #фильм; на канале опубликованы многочисленные аналогичные вертикальные сюжетные ролики",да,0.0673076923076923,0.0,7,"в первые 1–3 секунды женщина в красном спрашивает женщину в синем: «Так вы жена?», та отвечает: «Я-то жена. А ты кто?», мужчина выглядит растерянным","беременной женщине становится плохо, после родов она не кормит ребёнка, а другая пациентка берёт кормление на себя","мать ребёнка радостно общается по телефону, машет мужчине у белого кабриолета, затем ночью одевается и уходит из палаты","врач и пациентка находят исчезнувшую мать, её записку о том, что она уезжает к другому, оставляя ребёнка; врач держит плачущего младенца",https://www.youtube.com/shorts/wwcV4Ob7Sck,"среднее — заголовок, дата, просмотры и канал подтверждены открытой страницей/поиском YouTube, серийность и сюжет дополнительно проверены анализом видеоряда, но плеер YouTube на момент проверки показывал «Video unavailable», поэтому длительность не подтверждена.",https://www.youtube.com/shorts/Pys3v-CTOeA\nhttps://www.youtube.com/@DUCKMOVIELAND/shorts\nhttps://www.youtube.com/shorts/wwcV4Ob7Sck\nhttps://www.youtube.com/results?search_query=Pys3v-CTOeA
14,ru,ИИ Сериалы (AI Series) — https://www.youtube.com/@Al-sEriesSS,не найдено,Хроники потерянной секунды 1 серия,https://www.youtube.com/watch?v=oAHFV0URwZg,2026-04-29,1750,17,,Shorts,"да — ролик прямо помечен как «1 серия», на канале опубликованы последующие эпизоды с повторяющимся названием и персонажами Лео и Маи",да,102.94117647058823,25,7,"вертикальная заставка «Хроники потерянной секунды», «1 серия», затем мальчик-подросток и девочка Маи тянут друг у друга золотые карманные часы","Лео пытается забрать у Маи дедушкины часы, после чего бытовой спор переходит в мистическую угрозу","Лео нажимает кнопку часов, они вспыхивают синим светом, Маи застывает, а часы темнеют и деформируются","в дверном проёме появляется чёрный дымовой портал и гигантская когтистая рука из чёрной материи и часовых шестерёнок, звучит «Время вышло, вор...», затем титр «ПРОДОЛЖЕНИЕ СЛЕДУЕТ...»",https://www.youtube.com/shorts/Bpg3oPMg9IM,"высокое — заголовок, канал, URL канала, дата, точные просмотры и подписчики подтверждены публичными страницами YouTube; длительность не отображалась, поэтому отмечена как «не найдено».",https://www.youtube.com/watch?v=oAHFV0URwZg\nhttps://www.youtube.com/shorts/oAHFV0URwZg\nhttps://www.youtube.com/@Al-sEriesSS/shorts\nhttps://www.youtube.com/shorts/Bpg3oPMg9IM\nhttps://www.youtube.com/oembed?url=https://www.youtube.com/watch?v=oAHFV0URwZg&format=json
15,ru,"ИИ Сериалы (AI Series), URL канала: https://www.youtube.com/@Al-sEriesSS",https://www.youtube.com/@Al-sEriesSS,2 серия Хроники потерянной секунды,https://www.youtube.com/watch?v=Bpg3oPMg9IM,не найдено,1700,17,70,Shorts,"серийный вертикальный эпизод — серия 2; на канале публично видны серии 1, 3, 5, 6 и 7, а также повторяющиеся персонажи Лео и механический фенек Тик",да,100.0,25,7,"после короткой заставки мальчик Лео испуганно смотрит вверх, из чёрного дыма появляется гигантская теневая когтистая рука со светящимися шестерёнками, звучит реплика «А что это?!»","Лео неправильно повернул ключ карманных часов, не остановил время, а украл секунду и открыл дверь для голодной тёмной сущности Лорда Ноля","Тик объясняет, что для закрытия двери нужно вернуть секунду, но не украденную, а другую","пол трескается, из разломов к часам тянутся чёрные руки, звучит угроза «Вор, верни время», затем клиффхэнгер «ПРОДОЛЖЕНИЕ СЛЕДУЕТ...»",https://www.youtube.com/shorts/oAHFV0URwZg,"среднее — заголовок, канал, подписчики, просмотры и длительность подтверждены открытыми страницами YouTube; точная дата публикации на доступном срезе не отображалась, а сюжетные поля проверены анализом доступного публичного видео.",https://www.youtube.com/watch?v=Bpg3oPMg9IM\nhttps://www.youtube.com/shorts/Bpg3oPMg9IM\nhttps://www.youtube.com/@Al-sEriesSS\nhttps://www.youtube.com/shorts/oAHFV0URwZg
16,ru,@AI Движение,не найдено,кошки ставшие рабами леопардда 2,https://www.youtube.com/watch?v=f_PRmFegQC8,2025-12-28,1170,43,57,Shorts,"2-я серия; в начале ролика указано «2-Серия», в финале анонсирована 3-я серия после 20 лайков; повторяющиеся персонажи: антропоморфный леопард в шляпе/плаще, полосатый кот-рыцарь, крыса-маг и маленькие чёрные котята",да,27.209302325581394,17.9,7,"текстовая заставка «2-Серия», затем динамичная битва на мечах в лесу между леопардом и полосатым котом","полосатый кот побеждает леопарда и освобождает чёрных котят, после чего леопард и крыса-маг опасаются гнева неизвестного босса из-за вмешательства нового кота",крыса/мышь-маг в тёмной пещере с помощью магического портала возвращает/призывает поверженного леопарда,"леопард говорит, что у него есть «другой план», зловеще смеётся, затем ролик обрывается на призыве набрать 20 лайков для 3-й серии",не найдено,"высокое — заголовок, канал, URL канала, язык, дата, просмотры, подписчики и длительность подтверждены открытым представлением YouTube/oEmbed; сюжет и серийность проверены по самому ролику, но URL соседней серии публично не найден.",https://www.youtube.com/watch?v=f_PRmFegQC8\nhttps://www.youtube.com/shorts/f_PRmFegQC8\nhttps://www.youtube.com/oembed?url=https://www.youtube.com/watch?v=f_PRmFegQC8&format=json\nhttps://www.youtube.com/@AIvideo123-k6t
17,ru,"ИИ Сериалы (AI Series) (@Al-sEriesSS), URL канала: https://www.youtube.com/channel/UC3jiA7oD33682xW2T4AzbOQ",https://www.youtube.com/channel/UC3jiA7oD33682xW2T4AzbOQ,Ии сериал Хроники потерянной секунды:Обратный отсчёт 3 серия #shorts#3d#shortvideo#,https://www.youtube.com/watch?v=rwQpCR88ohM,не найдено,885,17,75,Shorts,"да — 3-я серия повторяемого сериала «Хроники потерянной секунды», с персонажами Лео, Майя и говорящим лисёнком",да,52.05882352941177,21.5,7,"в первые 1–3 секунды Лео держит светящиеся голубым светом карманные часы, а говорящий лисёнок обвиняет его в «украденной секунде»","Лео запускает механизм часов, начинается магическая катастрофа, Майя уменьшается, а в комнате появляется приближающийся силуэт рогатого монстра","дети понимают, что исчезла мама, а магия часов иссякает и лисёнок теряет силу","дети и лисёнок остаются в темноте, звучит злодейский смех, экран гаснет с надписью «ПРОДОЛЖЕНИЕ СЛЕДУЕТ...»",https://www.youtube.com/shorts/Bpg3oPMg9IM,"среднее — название, канал, URL канала, просмотры, подписчики, серийность и соседний эпизод подтверждены открытыми страницами YouTube/oEmbed, длительность и сюжет — анализом самого видео, а дата публикации не была публично подтверждена.",https://www.youtube.com/watch?v=rwQpCR88ohM\nhttps://www.youtube.com/oembed?url=https://www.youtube.com/watch?v=rwQpCR88ohM&format=json\nhttps://www.youtube.com/channel/UC3jiA7oD33682xW2T4AzbOQ/shorts\nhttps://www.youtube.com/shorts/Bpg3oPMg9IM
18,ru,"Jokes of the 13th school (ПРИКОЛЫ 13й ШКОЛЫ), URL канала: https://www.youtube.com/@schooljokes",https://www.youtube.com/@schooljokes,"SHOCK! HE MADE IT INTO THE RECORD BOOKS! 🥳 Tasty treats during break \""Pranks of School 13\"" (Episo... [точное продолжение заголовка публично не раскрыто в доступном интерфейсе]",https://www.youtube.com/watch?v=VMgn8zKPR5U,не найдено,166,8350,400,другое,"да — ролик входит в открытый плейлист «ПРИКОЛЫ 13й ШКОЛЫ. 7й СЕЗОН» (46 видео), опубликован как часть повторяемой серии со школьными скетчами; в самом ролике наблюдаются повторяющиеся ведущие-дети, серийная заставка и анонс новых серий; номер эпизода для данного ролика не найден",да,0.019880239520958083,0.0,7,"в первые 1–3 секунды девочка с двумя косичками и мальчик в белых школьных рубашках сидят за партой, девочка активно говорит и жестикулирует","три независимых юмористических школьных скетча — проблема с бутылкой кефира, спор об опасном рекорде и проверка директора, осложнённая неработающими ручками","у бутылки нет горлышка; самый опасный «рекорд» — показать дневник родителям; ручка директора также не пишет, когда он собирается поставить двойку","ведущие возвращаются в кадр, прощаются, машут в камеру и анонсируют новые серии через неделю, затем появляется графическая заставка и копирайт",https://www.youtube.com/watch?v=E691Clj3uF0,"среднее — заголовок, канал, просмотры, подписчики, длительность, серийность и соседние эпизоды подтверждены открытыми страницами YouTube, но точная дата и полное окончание заголовка недоступны, а сюжетные поля подтверждены анализом публичного видеоряда.",https://www.youtube.com/watch?v=VMgn8zKPR5U\nhttps://www.youtube.com/playlist?list=PLPDS-PI4mulfoVbknmTOjkgvABukm2OWP\nhttps://www.youtube.com/@schooljokes\nhttps://www.youtube.com/watch?v=E691Clj3uF0\nhttps://www.youtube.com/watch?v=L8O1orezI3s
19,ru,"Batyrkhan Manarbek (@BatyrkhanManarbek), URL канала: https://www.youtube.com/@BatyrkhanManarbek",https://www.youtube.com/@BatyrkhanManarbek,😈 ЧТО-ТО СТУЧИТ В ВАШУ ДВЕРЬ! ВЕРИТИ МАЙНКРАФТ 1 СЕРИЯ ОН ЖИВОЙ 😵‍💫 РЕАКЦИЯ МОД АНИМАЦИЯ VERITY · @OfficialZelel,https://www.youtube.com/shorts/ujen4rXKdeo,2026-08-11,12,39,15,Shorts,"в заголовке прямо указано «1 серия»; повторяющийся персонаж/объект — Verity, но наличие других эпизодов именно на этом канале не подтверждено",да,0.3076923076923077,0.0,7,"не найдено — ролик на момент проверки недоступен для просмотра, поэтому первые 1–3 секунды нельзя подтвердить","не найдено — доступен только заголовок, видеоряд недоступен",не найдено,не найдено,https://www.youtube.com/watch?v=dqONP3fOVL8,"высокое — заголовок, дата, просмотры, длительность, статус Shorts и подписчики подтверждены прямыми страницами YouTube/oEmbed, но сюжетные поля пропущены из-за публичного статуса «Video unavailable».",https://www.youtube.com/shorts/ujen4rXKdeo\nhttps://www.youtube.com/watch?v=ujen4rXKdeo\nhttps://www.youtube.com/oembed?url=https://www.youtube.com/shorts/ujen4rXKdeo&format=json\nhttps://www.youtube.com/@BatyrkhanManarbek/about\nhttps://www.youtube.com/watch?v=dqONP3fOVL8
20,ru,"Татьяна Лызь (@lyzenok), URL канала: https://www.youtube.com/@lyzenok",https://www.youtube.com/@lyzenok,23 июля 2026 г.,https://www.youtube.com/shorts/lNosATF9ABY,2026-07-23,1,206,,Shorts,"ролик входит в повторяющуюся публикационную серию с одинаковым названием «Трое из Простоквашино. Все серии 1-27 серии. Майнкрафт анимация»; в открытых результатах подтверждены публикации того же формата 18 июня, 3 июля, 11 июля, 14 июля и 24 июля 2026 года; повторяющиеся персонажи: не найдено",да,0.0048543689320388345,0.0,7,не найдено — YouTube показывает Video unavailable,не найдено — содержание недоступно,не найдено — содержание недоступно,не найдено — содержание недоступно,https://www.youtube.com/shorts/qvq3KxGqGOM,"среднее — заголовок, дата, просмотры, канал, подписчики и серийность подтверждены открытыми страницами YouTube, но сам ролик недоступен для просмотра, поэтому длительность и сюжетные элементы не подтверждены.",https://www.youtube.com/shorts/lNosATF9ABY\nhttps://www.youtube.com/@lyzenok/shorts\nhttps://www.youtube.com/shorts/qvq3KxGqGOM\nhttps://www.youtube.com/shorts/74wdC7RyYAQ\nhttps://www.youtube.com/shorts/xvVEPZQTgH0\nhttps://www.youtube.com/shorts/ici3LXP6W8Y\nhttps://www.youtube.com/shorts/tgWhgDi9Ckw\nhttps://www.youtube.com/shorts/3SDn_5o4KyE\nhttps://www.youtube.com/shorts/VonnxHezrco
21,ru,Натурал Альбертович — https://www.youtube.com/@natural_albertovich,не найдено,"ДУШНИЛА - 8я серия (смешное видео, приколы, поржать, юмор, #shorts )",https://www.youtube.com/shorts/UogyLXiXdh4,2024-07-27,2981432,11900000,,Shorts,"в заголовке явно указана 8я серия («ДУШНИЛА»), что подтверждает повторяемый сериал/формат; соседний эпизод той же серии по открытым данным не найдено",да,0.25054050420168067,0.0,6,не найдено — ролик на момент проверки недоступен для воспроизведения,не найдено — ролик на момент проверки недоступен для воспроизведения,не найдено — ролик на момент проверки недоступен для воспроизведения,не найдено — ролик на момент проверки недоступен для воспроизведения,не найдено,"среднее — заголовок, канал, дату и просмотры подтвердил прямой HTML YouTube, профиль канала публично показывает 11.9M подписчиков, но ролик недоступен для просмотра, поэтому длительность, сюжетные элементы и соседний эпизод не подтверждены.",https://www.youtube.com/shorts/UogyLXiXdh4\nhttps://www.youtube.com/watch?v=UogyLXiXdh4\nhttps://www.youtube.com/@natural_albertovich/shorts\nhttps://www.youtube.com/oembed?url=https://www.youtube.com/shorts/UogyLXiXdh4&format=json\nhttps://www.youtube.com/source/UogyLXiXdh4/shorts
22,ru,Utopia ll (URL канала: https://www.youtube.com/@utopiall2100),https://www.youtube.com/@utopiall2100),Что ты выберешь? Часть 1 #shorts,https://www.youtube.com/watch?v=LhHbItKzRD0,не найдено,9,1,,Shorts,"да — канал публично показывает 2 видео; ролик помечен «Часть 1», а соседний ролик — «Что ты выберешь? Часть 2 #Shorts»; повторяемый формат бинарных вопросов с Minecraft-геймплеем и процентами ответов",да,9.0,11.9,6,"с первых секунд динамичный Minecraft-паркур от первого лица и озвученный вопрос «Быть богатым, но несчастным ИЛИ бедным, но счастливым»","зрителю предлагаются последовательные бинарные выборы между двумя крайностями (богатый/несчастный или бедный/счастливый, правда/ложь и другие)","не найдено — наблюдается повторяющийся шаблон «вопрос → пауза с тиканьем → проценты», без сюжетного поворота","ролик обрывается после показа процентов «55% ИЛИ 45%» на последнем наблюдаемом выборе о сне и еде, без итоговой развязки или призыва к действию",https://www.youtube.com/shorts/6rBoV_ENKeQ,"среднее — заголовок, канал, URL канала, язык, просмотры, подписчики, тип и серийность подтверждены открытыми страницами; точная дата и длительность не отображались публично в доступной проверке, а страница ролика показывала защиту YouTube от автоматического просмотра.",https://www.youtube.com/watch?v=LhHbItKzRD0\nhttps://www.youtube.com/@utopiall2100/videos\nhttps://www.youtube.com/oembed?url=https://www.youtube.com/watch?v=LhHbItKzRD0&format=json\nhttps://www.youtube.com/shorts/6rBoV_ENKeQ
23,ru,Сделай выбор (URL канала: https://www.youtube.com/channel/UCROwDE8oOWuIxOYN84JNbag),https://www.youtube.com/channel/UCROwDE8oOWuIxOYN84JNbag),Что ты выберешь? Часть 57 - Я вернулся #shorts,https://www.youtube.com/watch?v=gd2rGcZuRnw,не найдено,48000,647000,,Shorts,"да — в заголовке явно указана «Часть 57», канал описывает формат «Что ты выберешь?» и публикует новые видео ежедневно",да,0.07418856259659969,0.0,5,"в первые 1–3 секунды показываются корова, лежащая на кровати, и спящий человек; звучит вопрос и появляется выбор «Спать на животе или Спать на спине»","сюжетного конфликта не найдено, форматный конфликт — необходимость выбирать между двумя противопоставленными вариантами",не найдено — ролик линейно показывает последовательность вопросов «Что бы ты выбрал» на фоне геймплея Minecraft,"ролик заканчивается после показа процентного соотношения голосов для последнего выбора «Иметь редкое имя ИЛИ Иметь популярное имя», без сюжетной развязки",не найдено,"среднее — заголовок, канал, URL канала, язык, отображаемые просмотры и подписчики подтверждены прямой страницей YouTube и страницей канала, а сюжет и формат проверены анализом ролика; дата, точная длительность и URL соседнего эпизода публично не подтвердились.",https://www.youtube.com/watch?v=gd2rGcZuRnw\nhttps://www.youtube.com/channel/UCROwDE8oOWuIxOYN84JNbag\nhttps://www.tiktok.com/@sdelayvibor/video/7296430457342758176\nhttps://www.instagram.com/reel/CwDp3NJttVl/
24,ru,Яндекс Go (URL: https://www.youtube.com/@yandextaxi),не найдено,Мини-сериал Алиса | S1E3 | Старик и автопилот,https://www.youtube.com/watch?v=nT20jRkkM9A,2020-04-16,280746,,735,другое,"Да — третий эпизод мини-сериала из пяти эпизодов «Алиса», с повторяющимся бортовым компьютером Алиса",да,,,7,"первые 1–3 секунды — чёрный экран с маркировкой «12+», затем последовательно появляются логотипы Яндекс Такси, Medialab, screenlife, Bazelevs и SXSW 2020","пожилой пассажир Семён Игнатьевич, бывший водитель, конфликтует с беспилотным такси и современными технологиями, а также раздражается на внука Митю, который не отрывается от планшета","примерно с 07:50 автомобиль в лесу глохнет, загораются индикаторы неисправности, а Алиса сообщает о системном сбое и прибытии аварийной службы через 49 минут","дед устраняет неисправность вне видимости камеры, занимает водительское место и вручную довозит внука, после чего Алиса благодарит его и ставит Семёну Игнатьевичу оценку «5 звёзд»",https://www.youtube.com/watch?v=RHha8JchjQ4,"высокое — заголовок, канал, дата, просмотры, длительность, описание конфликта и серийность подтверждены прямой страницей/плейлистом YouTube и независимыми открытыми страницами; точное число подписчиков недоступно, поскольку YouTube показывает только округлённое значение 51.8K.",https://www.youtube.com/watch?v=nT20jRkkM9A\nhttps://www.youtube.com/playlist?list=PLlxU5Jubs4PUWN8jiTK-WxRMRwpV7nNjc\nhttps://www.youtube.com/watch?v=RHha8JchjQ4\nhttps://www.youtube.com/@yandextaxi\nhttps://vk.com/video-163599891_456239063\nhttps://ok.ru/video/1977940054438
25,ru,XCVmind (URL канала: https://www.youtube.com/@XCVmind),https://www.youtube.com/@XCVmind),"АНОМАЛИЯ, 1 сезон, 1 серия: Начало конца",https://www.youtube.com/watch?v=JJM5947_X0s,2026-04-28,34177,,208,другое,"да — 1 сезон, 1 серия; официальный плейлист «Аномалия» содержит 18 видео, включая продолжение истории и повторяющуюся героиню Алису",да,,,7,"в первые 1–3 секунды показаны девушка под душем, гигантский тёмный куб с красной молнией над многоэтажками, бегущая по снегу героиня и титр «АНОМАЛИЯ 1 серия»","зимний день превращается в катастрофу — в небе появляется гигантский куб, возникает антигравитация, земля трескается, из разломов появляются рогатые монстры, и Алиса спасается бегством","добравшись до квартиры, Алиса не остаётся в укрытии, а забирает документы, деньги и рыжего кота и снова выходит в опасную зону","Алиса садится в белую «Ниву», после чего машина вместе с землёй начинает левитировать к гигантскому кубу; титр «АНОМАЛИЯ продолжение следует»",https://www.youtube.com/watch?v=RNb_bR1yaaU,"высокое — заголовок, дата, просмотры, длительность, канал, серийность и сюжет подтверждены страницей ролика, официальным каналом, плейлистом и анализом доступного видео; точное число подписчиков публично показано только округлённо как 53.1K, поэтому отмечено как не найдено.",https://www.youtube.com/watch?v=JJM5947_X0s\nhttps://www.youtube.com/@XCVmind\nhttps://www.youtube.com/playlist?list=PLSJw7MbrY-Q7RgB1Z4s0MKC1rmvtlStMW\nhttps://www.youtube.com/watch?v=RNb_bR1yaaU
26,ru,"Olesya Kuzmenko (@olesyakuzmenko4720), URL канала: https://www.youtube.com/@olesyakuzmenko4720",https://www.youtube.com/@olesyakuzmenko4720,😈 ЧТО-ТО СТУЧИТ В ВАШУ ДВЕРЬ! ВЕРИТИ МАЙНКРАФТ 1 СЕРИЯ ОН ЖИВОЙ 😵‍💫 РЕАКЦИЯ МОД АНИМАЦИЯ VERITY · @OfficialZelel,https://www.youtube.com/shorts/EtbDIjqT21k,2026-08-04,,24,15,Shorts,В заголовке прямо указано «1 серия»; повторяющийся персонаж/объект — Верити,да,,,7,"В первые 1–3 секунды на чёрном фоне появляется анимированный жёлтый смайлик/Верити, представляющийся другом-помощником","Человек за кадром с лёгким скепсисом проверяет, действительно ли Верити всё знает",не найдено,"Человек спрашивает «Ну и сколько будет два плюс два?», Верити начинает отвечать, после чего ролик обрывается",https://www.youtube.com/watch?v=sKN9M6fN2Ac,"среднее — канал, заголовок, дату, подписчиков, тип Shorts и серийность подтверждает YouTube, а просмотры недоступны из-за статуса Video unavailable; сюжет и длительность получены при отдельном анализе доступного видеопотока, независимое зеркало подтверждает тему и нумерацию серии, но не метрики исходного Shorts.",https://www.youtube.com/shorts/EtbDIjqT21k\nhttps://www.youtube.com/@olesyakuzmenko4720/shorts\nhttps://www.youtube.com/oembed?url=https://www.youtube.com/watch?v=EtbDIjqT21k&format=json\nhttps://www.youtube.com/playlist?list=PLG2Lx0c97owU\nhttps://www.youtube.com/watch?v=sKN9M6fN2Ac\nhttps://rutube.ru/video/ebc543fdc5d180bb8a5483dd54cf48dc/\nhttps://www.tiktok.com/@rirzi23/video/7648957918083042593
27,ru,"Татьяна Лызь (@lyzenok), URL канала: https://www.youtube.com/@lyzenok/shorts",https://www.youtube.com/@lyzenok/shorts,11 июля 2026 г.,https://www.youtube.com/shorts/VonnxHezrco,2026-07-11,,206,12,Shorts,"повторяемый формат/репост: в описании указана серия «Трое из Простоквашино. Все серии 1-27 серии. Майнкрафт анимация» с атрибуцией @NAIZISHOW; на том же канале найдены соседние Shorts с тем же описанием и датами 2026-06-18 и 2026-07-14, однако наличие единой сюжетной мини-драмы и повторяющихся персонажей именно в этом ролике не подтверждено",да,,,7,"крупный план нарисованного мужского портрета, затем резкая смена на синюю пластилиновую птицу; звучит вопрос «Это кто там?» и ответ голосом Печкина","звуковая реплика представляет героя как почтальона Печкина, но в кадре показана нелепая синяя пластилиновая птица, что заканчивается репликой «Ой, как неудобно»","камера отдаляется и показывает картонные декорации и другие фигурки — кота, волка и русалку на дереве","статичный общий план композиции на столе, после чего начинает звучать грустная мелодия",https://www.youtube.com/shorts/ici3LXP6W8Y,"среднее — канал, заголовок, дата, подписчики, длительность, язык и сюжет сверены по открытым страницам/анализу доступного видеопотока, но YouTube на прямой странице показывал Video unavailable и не отображал просмотры, поэтому эти поля оставлены как не найдено.",https://www.youtube.com/shorts/VonnxHezrco\nhttps://www.youtube.com/@lyzenok/shorts\nhttps://www.youtube.com/shorts/ici3LXP6W8Y\nhttps://www.youtube.com/shorts/tgWhgDi9Ckw\nhttps://www.youtube.com/watch?v=q8ILXIrxM54
28,ru,"Злата бадабум (@zzlatik), URL канала: https://www.youtube.com/@zzlatik",https://www.youtube.com/@zzlatik,"Глупый Парень, 3 Серия (Мем Майнкрафт Анимация)",https://www.youtube.com/shorts/ib1FWmbicIg,2026-04-01,,516000,30,Shorts,"серийный ролик, явно обозначен как 3 серия; повторяющиеся персонажи/франшиза «Глупый парень» подтверждаются плейлистом и соседними сериями",да,,,7,"мальчик смотрит прямо в камеру, начинает петь под ритмичную музыку и примерно на 2-й секунде кладёт в рот кусок еды","по песне парня нанимают мыть посуду в кафе, но он оказывается «криворуким», разбивает посуду, распугивает клиентов и разрушает бизнес","примерно на 13–15-й секунде после включения воды звучит эффект плеска/грохота, а исполнитель резко изображает испуг и прикрывает рот рукой","по песне начальник заставляет виновника мести улицу в качестве компенсации, затем прогоняет его; ролик заканчивается взглядом в камеру с лёгкой улыбкой",https://www.youtube.com/playlist?list=PL26DBL18vEb9Vm_6VzvMabb5W7gjCdeOB,"среднее — заголовок, канал, подписчики, длительность, серийность и сюжет подтверждены открытыми страницами и анализом ролика, но текущие просмотры не отображаются, а дата 2026-04-01 следует из публичной страницы/индекса YouTube.",https://www.youtube.com/shorts/ib1FWmbicIg\nhttps://www.youtube.com/@zzlatik\nhttps://www.youtube.com/playlist?list=PL26DBL18vEb9Vm_6VzvMabb5W7gjCdeOB\nhttps://www.youtube.com/shorts/WE5DXByWpos\nhttps://www.youtube.com/watch?v=H0U2FV5fECA
29,ru,"Алмаз Сюбуков (@AlmazSubukov), URL канала: https://www.youtube.com/@AlmazSubukov",https://www.youtube.com/@AlmazSubukov,#батёк #ужас #аномалии #shorts,https://www.youtube.com/shorts/JElTHuKcC7c,2026-03-21,23000,,,Shorts,да — повторяющийся формат с персонажем/лейтмотивом «батёк» и сюжетами про ужас/аномалии,да,,,6,не найдено — ролик недоступен для воспроизведения на публичной странице в момент проверки,не найдено — ролик недоступен для воспроизведения,не найдено — ролик недоступен для воспроизведения,не найдено — ролик недоступен для воспроизведения,https://www.youtube.com/shorts/rmgXjD69V04,"среднее — заголовок, канал, тип, текущие отображаемые просмотры и серийный формат подтверждены открытыми страницами YouTube, но исходный ролик помечен как недоступный, поэтому длительность и сюжетные элементы не верифицируются, а дата взята из открытого поискового индексирования YouTube.",https://www.youtube.com/shorts/JElTHuKcC7c\nhttps://www.youtube.com/oembed?url=https://www.youtube.com/shorts/JElTHuKcC7c&format=json\nhttps://www.youtube.com/@AlmazSubukov/shorts\nhttps://www.youtube.com/shorts/rmgXjD69V04
30,ru,слайм 2004 (URL канала: https://www.youtube.com/@Time....),https://www.youtube.com/@Time....),что ты выберешь 2 #shorts,https://www.youtube.com/watch?v=N6rbNNiWKeM,2024-05-02,153,,42,Shorts,"часть 2 в названии, повторяемый формат «что ты выберешь» с красно-синим визуальным шаблоном",да,,,6,"статичный красно-синий экран и ласковое обращение закадрового голоса к зрителю («Привет, мой любимый самый хороший пупсик...»)","зрителю предлагают выбрать между двумя абсурдными вариантами — 11 енотов, моющих посуду и живущих с ним в кровати, или мылонадуватель с полётом на Эйфелеву башню; затем кондиционер, превращающий комнату в Антарктиду за 19,5 секунды, или пачка мужских трусов Chanel","классического сюжетного поворота нет, но перед вторым выбором диктор заявляет, что от выбора зависит жизнь","диктор завершает игру фразой «И, ну, ура, ты выбрал», после чего ролик обрывается на кадре с кондиционером и трусами",не найдено,"среднее — заголовок, канал, дату, просмотры, длительность и содержание удалось сопоставить по публичным YouTube-метаданным и анализу ролика, но число подписчиков и URL соседнего эпизода публично не найдены.",https://www.youtube.com/watch?v=N6rbNNiWKeM\nhttps://www.youtube.com/oembed?url=https://www.youtube.com/watch?v=N6rbNNiWKeM&format=json\nhttps://www.google.com/search?q=%22N6rbNNiWKeM%22\nhttps://i.ytimg.com/vi/N6rbNNiWKeM/hqdefault.jpg
31,ru,"ТАВЕН КАВЕЙ (@TABEH_KAVEY_OFFICIAL67), URL канала: https://www.youtube.com/@TABEH_KAVEY_OFFICIAL67/shorts",https://www.youtube.com/@TABEH_KAVEY_OFFICIAL67/shorts,15 февраля 2026 г.,https://www.youtube.com/shorts/swjoc9Uwrb8,2026-02-15,,253,,Shorts,"в интерфейсе страницы ролика указан связанный заголовок «Глупый Парень, 10 Серия (Мем Майнкрафт Анимация) · @zzlatik»; серийность подтверждается независимой страницей «Глупый Парень 10 серия» и наличием соседних 9-й и 11-й серий, но принадлежность этого конкретного видео к оригинальной серии не полностью однозначна из-за недоступности ролика",да,,,6,"в первые 1–3 секунды показывается открытие наград в мобильной игре с меняющимися обозначениями редкости, поверх — статичный стикер с персонажем","случайное выпадение наград разной редкости в игровом интерфейсе; в аудиодорожке — пожар, запертый на крыше кот и риск спасателя задохнуться в дыму",спасённый кот начинает говорить человеческим голосом и оказывается волшебным котом Мурлаем,"волшебный кот обещает исполнить три желания, а визуальный ряд заканчивается игровым экраном с начислением очков персонажу ДЖИН",https://www.youtube.com/shorts/whMBiCl3i0E,"среднее — заголовок страницы, дата, канал, подписчики, тип Shorts и сюжет подтверждены открытой страницей/анализом, но YouTube показывает Video unavailable и поэтому просмотры и длительность конкретного ID публично не подтверждены.",https://www.youtube.com/shorts/swjoc9Uwrb8\nhttps://www.youtube.com/@TABEH_KAVEY_OFFICIAL67/shorts\nhttps://www.youtube.com/shorts/whMBiCl3i0E\nhttps://www.youtube.com/shorts/cS4AlzHP7uc\nhttps://krutoi-papa.fandom.com/ru/wiki/%D0%93%D0%BB%D1%83%D0%BF%D1%8B%D0%B9_%D0%9F%D0%B0%D1%80%D0%B5%D0%BD%D1%8C_10_%D1%81%D0%B5%D1%80%D0%B8%D1%8F\nhttps://socialcounts.org/youtube-video-live-view-count/n5rC7rKwWsg
32,ru,ТВ3 - сериалы и шоу (https://www.youtube.com/@tv3_international),не найдено,ГОРОДСКИЕ ЛЕГЕНДЫ: 1 сезон | 18 серия @tv3_international,https://www.youtube.com/watch?v=Dv2AVqDhd9o,2024-09-21,,200000,,другое,"да — выпуск с явной маркировкой «1 сезон | 18 серия», повторяющийся бренд «Городские легенды», единая заставка/логотип и формат передачи",да,,,6,"в первые 1–3 секунды показано стилизованное массивное существо, похожее на йети, у водоёма на фоне северного сияния; звучит тревожная мистическая музыка","мистическое и потенциально опасное воздействие картин и художников на судьбы, здоровье и жизнь людей, противопоставленное реальному миру","повествование переходит от легенд о проклятых картинах, безумии и смерти к идее, что искусство и икона могут исцелять и защищать","диктор формулирует вывод о светлой и благотворной энергетике Третьяковской галереи, затем показаны хроника обороны Москвы, современные виды Москвы и финальные титры",https://www.youtube.com/watch?v=L8xOcDjZV0o,"среднее — заголовок, канал, URL канала, дата, подписчики, язык, серийность и сюжет подтверждены прямой страницей/каналом и анализом самого ролика, но YouTube в текущем публичном просмотре показывал просмотры только округлённо («2K»), а точная длительность не была доступна.",https://www.youtube.com/watch?v=Dv2AVqDhd9o\nhttps://www.youtube.com/@tv3_international\nhttps://www.youtube.com/watch?v=L8xOcDjZV0o\nhttps://www.youtube.com/watch?v=hMXQohoneDo
33,ru,"ПРИКОЛЫ 13й ШКОЛЫ (@schooljokes), URL канала: https://www.youtube.com/channel/UCrhfAcq-nNm_fUom6XU9heg",https://www.youtube.com/channel/UCrhfAcq-nNm_fUom6XU9heg,"КТО НАША МАТЬ?! 🤯 Шок у доски, слезы Кукушкиной и секретная таблетка «Приколы 13-й школы»(301 серия)",https://www.youtube.com/watch?v=E691Clj3uF0,не найдено,,8350,349,другое,"да — ролик прямо обозначен как 301-я серия; канал описывает проект как приключения детей в школе №13, в ролике есть ведущие-повторяющиеся персонажи, общая заставка и фраза о съёмке сериала",да,,,6,"в первые 1–3 секунды мальчик в очках с галстуком-бабочкой и девочка в белой блузке сидят за партой, смотрят в камеру и начинают обращение к зрителю","три самостоятельных школьных юмористических скетча — спор о выражении «лень-матушка», жалобы подростков на школьный стресс и плач девочки, забывшей название лекарства","в первом скетче ученик переносит логику «Родина/природа — мать» на «лень-матушку»; во втором антистрессовый шарик бросают в того, кто создаёт стресс; в третьем девочка после слов о «коротком и простом» названии без запинки произносит длинный выдуманный химический термин","ведущие возвращаются к той же парте, говорят, что снимают сериал для поднятия настроения, машут зрителям; затем показывается графическая заставка проекта",https://www.youtube.com/watch?v=j8GREAGOlIg,"среднее — заголовок, канал, URL канала, язык, длительность, подписчики, серийность, соседний эпизод и сюжет проверены по открытой странице/метаданным и анализу самого ролика, но дата публикации и текущие просмотры на срез 21.08.2026 публично надёжно не извлеклись из-за CAPTCHA и потому не подставлены.",https://www.youtube.com/watch?v=E691Clj3uF0\nhttps://www.youtube.com/oembed?url=https://www.youtube.com/watch?v=E691Clj3uF0&format=json\nhttps://www.youtube.com/channel/UCrhfAcq-nNm_fUom6XU9heg/about\nhttps://www.youtube.com/watch?v=j8GREAGOlIg\nhttps://www.youtube.com/@schooljokes
34,ru,XCVmind (URL канала: https://www.youtube.com/@XCVmind),https://www.youtube.com/@XCVmind),"АНОМАЛИЯ, 1 сезон, 2 серия: Побег",https://www.youtube.com/watch?v=RNb_bR1yaaU,2026-05-11,,53100,,другое,"1 сезон, 2 серия; повторяющиеся персонажи и сюжетная линия Алисы подтверждены описанием и наличием соседних эпизодов",да,,,6,"на экране появляется указатель «АНОМАЛИЯ 2 серия», девушка за рулём со страхом смотрит на гигантский парящий куб с красными молниями в небе","Алиса пытается выбраться из разрушающегося Новосибирска на старой Ниве, спастись от Аномалии, чудовищ и людей и дозвониться отцу","трое мужчин блокируют машину, после чего многорукий монстр убивает их; затем Алиса слышит по радио, что военные отступают и начинают авиаудары, то есть безопасной зоны впереди нет","на заснеженной дороге перед машиной из тумана вырастает колоссальный многоногий монстр, ролик обрывается",https://www.youtube.com/watch?v=qntgZzuPCOI,"среднее — заголовок, канал, дата, подписчики, серийность и сюжет подтверждены прямой страницей/профилем и открытыми копиями, но YouTube из-за verification dialog не раскрыл точные текущие просмотры и длительность.",https://www.youtube.com/watch?v=RNb_bR1yaaU\nhttps://www.youtube.com/@XCVmind\nhttps://www.youtube.com/@XCVmind/videos\nhttps://www.youtube.com/watch?v=qntgZzuPCOI\nhttps://rutube.ru/video/eb6ce886d72e96d0e4cb21f7f40c3613/\nhttps://pikabu.ru/story/anomaliya_1_sezon_2_seriya_pobeg_13965182
35,ru,AI Движение (https://www.youtube.com/@AIvideo123-k6t),не найдено,3-серия⭐. Кошки ставшие рабами леопардда 3🐆🐈‍⬛🐈‍⬛,https://www.youtube.com/watch?v=SnHA8Q6WBmU,не найдено,,43,74,Shorts,"явно серийный вертикальный эпизод — в заголовке указана «3-серия», в финале заявлена «4-серия», используются повторяющиеся персонажи (Леопард, мышь, Кот-король, тигр и котята)",да,,,6,"в первые секунды появляется титр «3-серия⭐. Кошки ставшие рабами леопардда 3», затем показан тигр в доспехах на золотом троне, окружённый котятами","мышь говорит о необходимости наполнить казну до прихода сурового главаря, а Леопард сообщает Коту-королю, что в лесу нарушилось равновесие и ему нужна помощь",не найдено — явного неожиданного поворота в коротком фрагменте не подтверждено,"тигр падает с трона, на него запрыгивают чёрные котята; затем появляется титр «4-серия выйдет После 30 лайков»",https://www.youtube.com/shorts/l43i_y43d08,"среднее — заголовок, канал, подписчики, формат, серийность, соседние эпизоды и длительность подтверждены открытой страницей канала, oEmbed и анализом доступного видео, но точная дата и точные просмотры публично не извлеклись; страница ролика также показывала «Video unavailable».",https://www.youtube.com/watch?v=SnHA8Q6WBmU\nhttps://www.youtube.com/shorts/SnHA8Q6WBmU\nhttps://www.youtube.com/@AIvideo123-k6t\nhttps://www.youtube.com/shorts/f_PRmFegQC8\nhttps://www.youtube.com/shorts/l43i_y43d08\nhttps://www.youtube.com/oembed?url=https://www.youtube.com/watch?v=SnHA8Q6WBmU&format=json
36,ru,"Супер Марк (@СуперМарк-ж2э), URL канала: https://www.youtube.com/@СуперМарк-%D0%B62%D1%8D",https://www.youtube.com/@СуперМарк-%D0%B62%D1%8D,😈 ЧТО-ТО СТУЧИТ В ВАШУ ДВЕРЬ! ВЕРИТИ МАЙНКРАФТ 1 СЕРИЯ ОН ЖИВОЙ 😵‍💫 РЕАКЦИЯ МОД АНИМАЦИЯ VERITY · @OfficialZelel,https://www.youtube.com/shorts/ECYFwqJp050,2026-08-03,,364,,Shorts,в заголовке явно указано «1 серия»; повторяемая вселенная/персонаж Verity и формат Minecraft reaction/mod animation,да,,,5,"по заголовку заявлена тревожная ситуация — «что-то стучит в вашу дверь»; фактическое начало первых 1–3 секунд не подтверждено, так как YouTube показывает Video unavailable",заявленная угроза/нечто неизвестное за дверью и реакция на хоррор-мод Verity; фактическая сценическая подача не подтверждена,не найдено,не найдено,https://rutube.ru/video/81d3e620b0bfd7ebeb4f7e830fe31266/,"среднее — заголовок, канал, дата и число подписчиков подтверждены страницами YouTube, а серийность и соседний эпизод поддержаны открытым поиском, но просмотры, длительность и фактический сюжет недоступны из-за статуса Video unavailable.",https://www.youtube.com/shorts/ECYFwqJp050\nhttps://m.youtube.com/shorts/ECYFwqJp050\nhttps://www.youtube.com/@СуперМарк-%D0%B62%D1%8D/shorts\nhttps://rutube.ru/video/81d3e620b0bfd7ebeb4f7e830fe31266/\nhttps://rutube.ru/video/ebc543fdc5d180bb8a5483dd54cf48dc/
37,ru,Тайна Исцеления (URL: https://www.youtube.com/@ТайнаИсцеления),не найдено,Бесплодный богач и девушка — встреча через годы | часть 1 | #драма #любовь #история #жизнь #судьба,https://www.youtube.com/shorts/fXMKLXoy2Og,не найдено,,12800,160,Shorts,"да — в заголовке указано «часть 1», а в финальном кадре ролика присутствует надпись «часть 1»; повторяющиеся персонажи: богач и девушка Алина",да,,,5,"мужчина-богач в офисе/на фоне ночного мегаполиса, закадровый текст и субтитр сообщают, что бесплодный богач провёл ночь с невинной девушкой, а спустя четыре года она вернулась с его ребёнком","богач считает себя бесплодным и из-за диагноза живёт в одиночестве, не веря в возможность стать отцом","спустя четыре года Алина приходит с маленьким мальчиком и заявляет, что это её сын, при этом мужчина замечает в ребёнке свои черты","мужчина осознаёт, что стал отцом, спрашивает имя мальчика — Артём; ролик заканчивается указанием «часть 1»",не найдено,"среднее — заголовок, канал, подписчики, длительность, язык, сюжет и серийность подтверждены прямой страницей/анализом ролика, но YouTube не показал просмотры и дату, а отдельный соседний эпизод по открытому поиску не подтверждён.",https://www.youtube.com/shorts/fXMKLXoy2Og\nhttps://www.youtube.com/@ТайнаИсцеления\nhttps://www.youtube.com/watch?v=-zoejHhoj3A\nhttps://www.youtube.com/watch?v=zjgMSXDUP7U\nhttps://www.youtube.com/watch?v=rAdrpudcJxo
38,ru,"СЕРИАЛЫ ДЛЯ ДУШИ (@MoviesforSoul), URL канала: https://www.youtube.com/@MoviesforSoul",https://www.youtube.com/@MoviesforSoul,Она Решила Помочь Несчастной Женщине #сериал #шортс #фильмы #топ #кино,https://www.youtube.com/shorts/kSD2nUhsaRk,2025-05-04,,818000,,Shorts,"да — в заголовке есть #сериал и #шортс, ролик связан со страницей/ссылкой «ЭТА МЕЛОДРАМА ПОНРАВИЛАСЬ ВСЕМ! РАЗВЕ МОЖНО МЕЧТАТЬ О БОЛЬШЕМ. Все Серии», а индексированный фрагмент описания вводит героиню Ксению и её историю; соседний ролик с тем же заголовком и синопсисом: https://www.youtube.com/shorts/84KuLTfKAL4",да,,,5,"не найдено — ролик на странице YouTube недоступен для воспроизведения, первые 1–3 секунды публично не подтверждены","подтверждён только общий завязочный конфликт из индексированного фрагмента: медсестра Ксения мечтает о жизни с любимым человеком, но болезнь матери вынуждает отложить переезд за границу; точная экранная подача не найдена",не найдено,не найдено,https://www.youtube.com/shorts/84KuLTfKAL4,"среднее — заголовок, канал, URL канала, дату, подписчиков, формат Shorts и серийный контекст подтверждены открытыми страницами/индексом, но просмотры, длительность и детали сцен недоступны, поскольку ролик помечен YouTube как Video unavailable.",https://www.youtube.com/shorts/kSD2nUhsaRk\nhttps://www.youtube.com/@MoviesforSoul/shorts\nhttps://www.youtube.com/shorts/84KuLTfKAL4
39,ru,ИИ Сериалы (AI Series) (@Al-sEriesSS),не найдено,5 Серия Хроники потерянной секунды #фильм #мультик #disney,https://www.youtube.com/watch?v=DJQo232WeVY,не найдено,,17,,Shorts,5-я серия повторяемой мини-драмы «Хроники потерянной секунды»; на странице канала публично видны соседние серии 1–7,да,,,5,не найдено — ролик на момент проверки недоступен для воспроизведения,не найдено — ролик на момент проверки недоступен для воспроизведения,не найдено — ролик на момент проверки недоступен для воспроизведения,не найдено — ролик на момент проверки недоступен для воспроизведения,https://www.youtube.com/shorts/2ns_cHhwIdc,"среднее — заголовок, канал, тип Shorts, число подписчиков и серийность подтверждены открытыми страницами YouTube, но ролик недоступен для воспроизведения, поэтому дата, точные просмотры, длительность и сюжетные детали не найдены.",https://www.youtube.com/watch?v=DJQo232WeVY\nhttps://www.youtube.com/shorts/DJQo232WeVY\nhttps://www.youtube.com/oembed?url=https://www.youtube.com/watch?v=DJQo232WeVY&format=json\nhttps://www.youtube.com/@Al-sEriesSS/shorts\nhttps://www.youtube.com/shorts/2ns_cHhwIdc
40,ru,ТВ3 - сериалы и шоу (URL канала: https://www.youtube.com/@tv3_international),https://www.youtube.com/@tv3_international),ГОРОДСКИЕ ЛЕГЕНДЫ: 1 сезон | 31 серия @tv3_international,https://www.youtube.com/watch?v=hocHR87KGjQ,2025-08-21,,200000,2721,другое,"серийный документально-мистический цикл «Городские легенды», 1 сезон, 31 серия",да,,,4,не найдено,не найдено,не найдено,не найдено,https://www.youtube.com/watch?v=V5sDeQ4vbTU,"среднее — заголовок, канал, язык, дата, длительность, серийность и соседний эпизод подтверждены открытыми страницами, но YouTube показал округлённые просмотры, а первые секунды, поворот и финал не удалось надёжно извлечь из публичной страницы.",https://www.youtube.com/watch?v=hocHR87KGjQ\nhttps://www.youtube.com/@tv3_international\nhttps://www.youtube.com/playlist?list=PLvgQgKz_pna3FHVOLYGujxnyn-1CVpx6G\nhttps://tv3.ru/video/tushino-v-poiskah-zakoldovannyh-sokrovisch
41,ru,"BATEK_OFFICIAL (@batek_official9120), URL канала: https://www.youtube.com/@batek_official9120/shorts",https://www.youtube.com/@batek_official9120/shorts,БАТЯ И ЗАНАЧКА😂 #shorts,https://www.youtube.com/shorts/789tS0TT1BY,не найдено,,8850000,,Shorts,повторяющийся формат «БАТЯ/ТВОЙ БАТЯ» с повторяющимся персонажем и множеством тематически сходных Shorts на канале,да,,,2,не найдено,не найдено,не найдено,не найдено,https://www.youtube.com/shorts/XgKOwXY5FPE,"среднее — заголовок, канал, URL канала, публичное число подписчиков, тип Shorts и повторяемый формат подтверждены YouTube, но сам ролик на срез проверки недоступен, поэтому дата, просмотры, длительность и сюжетные поля не подтверждены.",https://www.youtube.com/shorts/789tS0TT1BY\nhttps://www.youtube.com/@batek_official9120/shorts\nhttps://www.youtube.com/shorts/XgKOwXY5FPE\nhttps://www.youtube.com/shorts/wQCeLuaOXtA\nhttps://www.youtube.com/shorts/3TlENdDmSO8
42,ru,"Снежана Мясникова (@snezhick), URL канала: https://www.youtube.com/@snezhick",https://www.youtube.com/@snezhick,ТИПИЧНАЯ ПЕРЕМЕНА🤣 #приколы #жиза #школа #перемена #рек #скетч #шортс,https://www.youtube.com/shorts/X44d8O_oN-0,2024-10-13,,,19,Shorts,"повторяемый школьный юмористический скетч-формат «Типичная перемена» с несколькими персонажами; ролик не имеет номера серии, но на канале есть другие повторяемые школьные скетчи и сериал «Лагерь»",да,,,6,"в школьном коридоре миниатюрная девушка с ярко-розовыми волосами кричит двум очень высоким девушкам «Отвали!», на что они отвечают «Сама отвали!»","серия абсурдных мини-сценок о школьной перемене — перепалка персонажей, затем спор о том, кто водит в игре, и комическая ситуация с просьбой принести туалетную бумагу","резкая смена сцены на туалет, где героиня говорит «Из меня сейчас подлодка выйдет», после чего появляется персонаж, приклеенный к потолку","приклеенный к потолку персонаж отвечает, что помог бы, но его приклеили к потолку",https://www.youtube.com/shorts/1egfA52HfEs,"среднее — заголовок, канал, дата из открытой выдачи, тип и сюжет подтверждены прямой страницей/анализом видеоряда, но точные просмотры и подписчики публично отображались только округлённо либо были недоступны.",https://www.youtube.com/shorts/X44d8O_oN-0\nhttps://www.youtube.com/@snezhick\nhttps://www.youtube.com/results?search_query=%22%D0%A2%D0%98%D0%9F%D0%98%D0%A7%D0%9D%D0%90%D0%AF+%D0%9F%D0%95%D0%A0%D0%95%D0%9C%D0%95%D0%9D%D0%90%22+%40snezhick\nhttps://www.youtube.com/shorts/1egfA52HfEs
43,ru,XCVmind (URL канала: https://www.youtube.com/@XCVmind),https://www.youtube.com/@XCVmind),"ANOMALY | Season 1, Episode 5: Survival",https://www.youtube.com/watch?v=IYXBvyRWaSU,2026-07-21,,,224,вертикальный эпизод,"5-й эпизод 1-го сезона сериала ANOMALY; повторяющиеся персонажи — Алиса/главная героиня, рыжий кот Васька и рыжая собака Тузик",да,,,6,"девушка со светлыми короткими волосами входит с улицы в гараж с открытыми деревянными воротами, где стоит старый белый автомобиль","героиня выживает одна в постапокалиптической заброшенной деревне, добывает ресурсы и пытается включить кассетный плеер, чтобы получить информацию","найденные батарейки не подходят к плееру, поэтому героиня решает ехать в город","после нескольких попыток автомобиль заводится, героиня выезжает из гаража по грязной дороге, затем идут титры о спонсорах серии",https://www.youtube.com/watch?v=CqaFsV4wSy4,"среднее — заголовок, канал, длительность, серийность, соседний эпизод и сюжет проверены по открытым страницам YouTube и анализу самого ролика, но точные текущие просмотры и число подписчиков в доступном публичном интерфейсе показаны только округлённо или не извлечены.",https://www.youtube.com/watch?v=IYXBvyRWaSU\nhttps://www.youtube.com/@XCVmind/videos\nhttps://www.youtube.com/@XCVmind
44,ru,Яндекс Go,не найдено,Мини-сериал Алиса | S1E5 | Это ограбление!,https://www.youtube.com/watch?v=QYKNFFRTYM4,2020-04-16,,,1044,другое,"да — 5-й эпизод 5-серийного мини-сериала «Алиса», повторяющиеся центральные персонажи/голосовой помощник Алиса",да,,,6,"чёрный экран с красной маркировкой «12+», затем логотипы Яндекс Такси, MEDIALAB, screenlife и BAZELEVS","трое пассажиров такси в масках животных готовят ограбление банка, а голосовой помощник Алиса пытается остановить их, предупреждая об ответственности, угрожая вызвать полицию, блокируя двери и перехватывая управление автомобилём","выясняется, что ограбление и поездка были симуляцией в павильоне с хромакеем, а водитель и грабители — актёры-тестировщики","тестировщики обсуждают реакцию Алисы, команда разработчиков объявляет тест её человечности и стрессоустойчивости успешным, после чего идут титры",https://www.youtube.com/watch?v=RHha8JchjQ4,"среднее — заголовок, дата, канал, длительность и серийность подтверждены открытыми страницами, но точные текущие просмотры и подписчики публично доступны только в округлённом виде, поэтому отмечены как не найдено.",https://www.youtube.com/watch?v=QYKNFFRTYM4\nhttps://www.youtube.com/playlist?list=PLlxU5Jubs4PUWN8jiTK-WxRMRwpV7nNjc\nhttps://www.youtube.com/@yandextaxi\nhttps://daily.afisha.ru/cinema/15356-chernoe-zerkalo-uzhe-u-vas-na-usah-5-vypuskov-veb-seriala-alisa-pro-taksi-i-robota/\nhttps://www.kinorium.com/2346525/
45,ru,Jokes of the 13th school (ПРИКОЛЫ 13й ШКОЛЫ),не найдено,"🤡 ПОЗОР ПИСАТЕЛЯ В ШКОЛЕ. 302я серия \""Приколы 13й школы\""",https://www.youtube.com/watch?v=j8GREAGOlIg,2026-08-10,,,224,другое,"да — 302-я серия многосерийного юмористического формата «Приколы 13-й школы», с повторяющейся заставкой/ведущим Евгением Крыжановским и повторяющимися школьными персонажами",да,,,6,"на тёмном фоне со звёздами и киноплёнкой появляется мужчина в костюме и красном галстуке, затем заставка «Киноцентр Евгения Крыжановского представляет»","директор приводит в школьный литературный кружок настоящего писателя, а ученики по очереди хвастаются объёмом своих произведений","мальчик заявляет, что написал роман на 283 страницы, но объясняет, что в середине книги лишь непрерывно читает звукоподражание скачущей лошади «Тыг-дык, тыг-дык…»","ошарашенный писатель передаёт букет учителю, прощается с директором и уходит, директор следует за ним, а дети смеются",https://www.youtube.com/watch?v=E691Clj3uF0,"среднее — заголовок, канал, дата, длительность, серийность, соседний эпизод и сюжет подтверждены открытой страницей/индексацией и просмотром видеоряда, но текущие просмотры и подписчики публично надёжно не извлечены из-за блокировки страницы YouTube.",https://www.youtube.com/watch?v=j8GREAGOlIg\nhttps://www.youtube.com/channel/UCrhfAcq-nNm_fUom6XU9heg\nhttps://www.youtube.com/channel/UCrhfAcq-nNm_fUom6XU9heg/about\nhttps://www.youtube.com/watch?v=E691Clj3uF0
46,ru,Утопия мини-дорам,не найдено,"Они провели ночь вместе, а он оказался её боссом! Три встречи — и они срочно женятся, он её балует",https://www.youtube.com/watch?v=yg2obYRpJlk,2026-02-10,,,7698,другое,"полнометражная сборка китайской вертикальной мини-драмы, опубликованная в формате «все серии сразу»; повторяемый формат канала подтверждён, но номер отдельной серии/части и повторяющиеся имена персонажей не найдены",да,,,6,"по заголовку — героиня и мужчина проводят ночь вместе, затем выясняется, что он её начальник","романтическая связь между героиней и её боссом, осложнённая неожиданным раскрытием его статуса и быстрым брачным решением","мужчина, с которым героиня провела ночь, оказывается её боссом","по публичному заголовку/описанию заявлено, что они срочно женятся и он её балует; фактическая финальная сцена не подтверждена из-за недоступности видеопотока",https://www.youtube.com/playlist?list=PL4QNYj08YXk9N9yibljSZNrpkNjFEcwr9,"среднее — заголовок, канал, URL канала, дату, длительность и серийный формат удалось подтвердить открытыми страницами и oEmbed, но YouTube блокировал прямой просмотр, поэтому точные текущие просмотры/подписчики и фактические первые секунды и финальная сцена не подтверждены.",https://www.youtube.com/watch?v=yg2obYRpJlk\nhttps://www.youtube.com/channel/UCpGbvKIsESimEyk9Oydm7IA\nhttps://www.youtube.com/@%E7%9F%AD%E5%89%A7%E7%83%8F%E6%89%98%E9%82%A6Shorttopia/featured\nhttps://www.youtube.com/playlist?list=PL4QNYj08YXk9N9yibljSZNrpkNjFEcwr9\nhttps://www.youtube.com/oembed?url=https://www.youtube.com/watch?v=yg2obYRpJlk&format=json
47,ru,"MiraNet / Persik (@PersikMiranet), URL канала: https://www.youtube.com/@PersikMiranet",https://www.youtube.com/@PersikMiranet,Ловушка | Сюжет | анимация | 13 серия #майнкрафт #майнкрафтанимация #пес #бискас,https://www.youtube.com/shorts/F5iqcoEgfk8,не найдено,,,,Shorts,"да — явно обозначена 13 серия, повторяющиеся персонажи и сюжетная линия; страница ролика также показывает связанный эпизод «РИКИСЯ сюжет 12 серия»",да,,,5,"в первые секунды герой в Minecraft говорит «Ну и где я?», оглядывается и проваливается в глубокую яму","герой оказывается в ловушке, враг в чёрно-красном облике угрожает ему, затем опасность распространяется на подошедшего персонажа Луи",во время нападения появляется светло-зелёный персонаж с алмазным топором и спасает героев,"герои начинают побег, говорят, что нужно найти Снежка, и ролик обрывается на клиффхэнгере",https://www.youtube.com/shorts/dtrrHt5nSmA,"среднее — заголовок, канал, язык, формат, серийность, соседние эпизоды и сюжет подтверждены прямой страницей, страницей канала, поисковой выдачей и анализом доступного видеоряда, но ролик на прямой странице помечен как недоступный, поэтому дата, точные просмотры, точное число подписчиков и длительность не подтверждены.",https://www.youtube.com/shorts/F5iqcoEgfk8\nhttps://www.youtube.com/@PersikMiranet/shorts\nhttps://www.youtube.com/shorts/dtrrHt5nSmA\nhttps://www.youtube.com/shorts/poWJNIBhuZc
48,ru,"BATEK_OFFICIAL (@batek_official9120), URL канала: https://www.youtube.com/@batek_official9120",https://www.youtube.com/@batek_official9120,ОДИН ДЕНЬ ИЗ ДЕТСТВА♥️ #shorts,https://www.youtube.com/shorts/I2Cgf7iNLrw,2024-08-27,,,,Shorts,"повторяемый формат ностальгических комедийных скетчей «Один день из детства» с повторяющимися персонажами — сын-школьник, отец и мать; прямой номер части или обозначение «продолжение» не найдено",да,,,5,"на экране появляется текст «ОДИН ДЕНЬ ИЗ ТВОЕГО ДЕТСТВА 1 СЕНТЯБРЯ», молодой человек сообщает, что уже послезавтра ему в школу","семья в панике собирает ребёнка к 1 сентября — гладит рубашку, ищет школьные принадлежности и рюкзак, подписывает тетрадь",мать срочно срезает садовые цветы и собирает обязательный букет учителю,"сын с букетом и мать позируют на улице, пока отец снимает их на ретро-VHS-камеру",https://www.youtube.com/shorts/WMITnVtjXSY,"среднее — заголовок, канал, дата и сюжет подтверждены прямой страницей/открытым анализом, но YouTube показывает метрики округлённо (731K и 8.85M), а ролик отмечен как недоступный, поэтому точные просмотры, подписчики и длительность не подтверждены.",https://www.youtube.com/shorts/I2Cgf7iNLrw\nhttps://www.youtube.com/@batek_official9120\nhttps://www.youtube.com/shorts/WMITnVtjXSY\nhttps://m.vk.com/wall-220500336_28572
49,ru,Арсений Хасанов (https://www.youtube.com/channel/UCNNOnGYnYTBFPsf2F47XcXA),не найдено,The New Girl | Vertical Series (Episode 1/9),https://www.youtube.com/shorts/_qOeCpSoh4I,2026-02-03,,,,Shorts,"вертикальный сериал, эпизод 1/9; повторяющиеся персонажи/героини — Аня и блондинка",да,,,5,"общий план автобусной остановки у трассы, на экране титры «НОВЕНЬКАЯ» и «1 серия», в кадре три человека","знакомство Ани с циничной опытной девушкой, которая психологически давит на неё и предупреждает о работе, клиентах и необходимости не выглядеть жертвой","из реплик раскрывается, что героини работают на трассе и что Аня — новичок с трёхлетним ребёнком","блондинка уходит, обещая рассказать, как пережить первую неделю, а Аня остаётся одна на остановке; сцена затемняется",https://www.youtube.com/shorts/aioEH0BBfu0,"среднее — заголовок, канал, дата, серийность и сюжет подтверждены страницей/поиском и анализом ролика, но YouTube показывал «Video unavailable», поэтому текущие просмотры, точное число подписчиков и длительность публично не извлечены.",https://www.youtube.com/shorts/_qOeCpSoh4I\nhttps://www.youtube.com/channel/UCNNOnGYnYTBFPsf2F47XcXA\nhttps://www.youtube.com/shorts/aioEH0BBfu0\nhttps://www.youtube.com/watch?v=_qOeCpSoh4I
50,ru,XCVmind (URL канала: https://www.youtube.com/@XCVmind),https://www.youtube.com/@XCVmind),Аномалия (1-4) серии,https://www.youtube.com/watch?v=ns_Edd-1hiI,не найдено,,,840,другое,"сборник/компиляция серий 1–4 веб-сериала «Аномалия»; повторяющиеся персонажи: Алиса, рыжий кот, отец, бабушка, дедушка и трое мужчин",да,,,5,"в первые 1–3 секунды быстрая нарезка — девушка в душе, белая «Нива» на фоне красного неба и гигантского парящего куба, многоногий монстр преследует машину, девушка с киркой у разрытой земли; на кадрах надпись «АНОМАЛИЯ»","31 декабря 2007 года в Новосибирске начинается аномалия — гигантский чёрный куб, красные молнии, трещины и теневые монстры; Алиса пытается выжить, спасти кота и добраться до родственников, сталкиваясь также с вооружёнными людьми",после побега из города и прибытия к бабушке и дедушке сосед приходит с ружьём и убивает их,"Алиса хоронит бабушку и дедушку, остаётся в деревне с котом и в слезах спрашивает «Что мне делать, пап?», после чего идут титры",https://www.youtube.com/watch?v=JK_ACLIqAmM,"среднее — заголовок, канал, длительность, сюжет и соседний эпизод подтверждены открытой страницей YouTube/канала и визуальным анализом ролика, но YouTube показал только округлённые просмотры и подписчиков, а точная дата публикации публично не извлеклась.",https://www.youtube.com/watch?v=ns_Edd-1hiI\nhttps://www.youtube.com/@XCVmind/videos\nhttps://www.youtube.com/@XCVmind\nhttps://www.youtube.com/oembed?url=https://www.youtube.com/watch?v=ns_Edd-1hiI&format=json\nhttps://www.youtube.com/watch?v=JK_ACLIqAmM
