Subject,Проверенная запись,Источники,Качество проверки,Error
https://www.youtube.com/shorts/1UT2lpAxDrs,"Канал: Vigloo - Premiere Short Dramas (@ViglooOfficial), URL канала: https://www.youtube.com/@ViglooOfficial; Язык: en; Заголовок: Under the Hood Trailer | Vigloo Premiere Short Dramas; Дата: 2025-07-22; Просмотры: не найдено; Подписчики: не найдено; Длительность_с: не найдено; Тип: Shorts; Серийность: Трейлер вертикальной мини-драмы Under the Hood; официальный материал указывает 51 эпизод, а связанный YouTube-ролик — сборник Ep.1-9; повторяющиеся персонажи: Selene Beaumont, Jaxon Knoxwood и Victor Beaumont; Подходит: да; Хук: ночная вывеска, затем блондинка говорит, что не думала вернуться сюда снова, после чего появляется мужчина с голым торсом; Конфликт: Selene пытается выйти из токсичного брака, но муж заявляет, что она юридически всё ещё принадлежит ему; её защищает механик Jaxon, возникает любовный треугольник и противостояние с мужем; Поворот: Selene объявляет, что разрушит империю Beaumont, а Jaxon говорит, что завершит начатое его отцом и вернёт украденное; конфликт переходит в физические стычки; Финал: Selene и Jaxon страстно целуются в гараже, затем появляются название Under the Hood и рекламный экран Vigloo; Соседний эпизод: https://www.youtube.com/watch?v=0COj7geIAN8",https://www.youtube.com/shorts/1UT2lpAxDrs\nhttps://www.youtube.com/@ViglooOfficial\nhttps://www.youtube.com/@ViglooOfficial/shorts\nhttps://www.youtube.com/watch?v=0COj7geIAN8\nhttps://vigloo-blog.com/under-the-hood/,"среднее — заголовок, канал, дату, формат Shorts, серийность и сюжет подтверждены прямой страницей, поисковой выдачей, официальным каналом и страницей сериала, но YouTube пометил исходный Shorts как недоступный, поэтому просмотры, точное число подписчиков и длительность не опубликованы для проверки.",
https://www.youtube.com/shorts/4oe_vjoQz2k,"Канал: Marlycoal Comedy (@marlycoalcomedy), URL канала: https://www.youtube.com/@marlycoalcomedy; Язык: en; Заголовок: 🎬ENGLAND GRAMMAR SCHOOL is now Showing on YOUTUBE #comedy #grammarschools #english; Дата: не найдено; Просмотры: не найдено; Подписчики: 214000; Длительность_с: 60; Тип: Shorts; Серийность: да — ролик промо/фрагмент повторяемой комедийной вселенной ENGLAND GRAMMAR SCHOOL; на странице указан связанный Episode 1, а на канале и в открытом поиске обнаружен Episode 2; повторяющиеся персонажи/актерский состав в школьной сцене наблюдаемы, но имена не подтверждены; Подходит: да; Хук: учитель в школьном классе заявляет, что покажет, как приветствовать учителя, сразу используя намеренно исковерканный английский; Конфликт: комедийный абсурд — учитель обучает класс неправильной фразе-приветствию, а ученики энтузиастично повторяют её; Поворот: не найдено — действие линейно развивается как демонстрация и коллективное повторение; Финал: ученики продолжают скандировать неправильное приветствие, затем примерно с 0:55 появляется промо-заставка ENGLAND GRAMMAR SCHOOL / Marlycoal Comedy; Соседний эпизод: https://www.youtube.com/watch?v=hURbRAXVzvQ",https://www.youtube.com/shorts/4oe_vjoQz2k\nhttps://www.youtube.com/@marlycoalcomedy/shorts\nhttps://www.youtube.com/watch?v=dUIeREBqYoY\nhttps://www.youtube.com/watch?v=hURbRAXVzvQ\nhttps://www.youtube.com/hashtag/englandgrammarschool,"среднее — заголовок, канал, тип, подписчики, длительность, серийность и сюжет подтверждены прямой страницей/профилем и анализом доступного видео, но исходная страница показывает Video unavailable, поэтому дата и просмотры Shorts публично не подтверждены.",
https://www.youtube.com/shorts/6VVS5uNMM_s,"Канал: DRM English Dubbed (@drmenglishdubbed), URL канала: https://www.youtube.com/@drmenglishdubbed; Язык: en; Заголовок: He Couldn't Stop Falling For Her 😍❤️ | Threads of Love | G1536; Дата: 2026-08-06; Просмотры: не найдено; Подписчики: не найдено; Длительность_с: не найдено; Тип: Shorts; Серийность: Threads of Love — серийная драматическая франшиза с повторяющимся обозначением G1536; открытый плейлист канала содержит последовательные полнометражные эпизоды Threads of Love/Kaleerein, но принадлежность именно этого Shorts к конкретному номеру полнометражного эпизода не подтверждена; Подходит: да; Хук: не найдено — ролик недоступен для просмотра; Конфликт: не найдено — ролик недоступен для просмотра; Поворот: не найдено — ролик недоступен для просмотра; Финал: не найдено — ролик недоступен для просмотра; Соседний эпизод: https://www.youtube.com/watch?v=yK4q4J1u9Kg&list=PLMfuIStZNE0tY5DukuaEzUQz8oFU9VWnA&index=1&pp=iAQB",https://www.youtube.com/shorts/6VVS5uNMM_s\nhttps://www.youtube.com/@drmenglishdubbed\nhttps://www.youtube.com/playlist?list=PLMfuIStZNE0tY5DukuaEzUQz8oFU9VWnA\nhttps://www.youtube.com/watch?v=yK4q4J1u9Kg&list=PLMfuIStZNE0tY5DukuaEzUQz8oFU9VWnA&index=1&pp=iAQB,"среднее — заголовок, канал, тип Shorts, дата из открытой выдачи и серийность франшизы подтверждены, но сама страница показывает Video unavailable, поэтому просмотры, точные подписчики, длительность и сюжетные детали недоступны.",
https://www.youtube.com/shorts/789tS0TT1BY,"Канал: BATEK_OFFICIAL (@batek_official9120), URL канала: https://www.youtube.com/@batek_official9120/shorts; Язык: ru; Заголовок: БАТЯ И ЗАНАЧКА😂 #shorts; Дата: не найдено; Просмотры: не найдено; Подписчики: 8850000; Длительность_с: не найдено; Тип: Shorts; Серийность: повторяющийся формат «БАТЯ/ТВОЙ БАТЯ» с повторяющимся персонажем и множеством тематически сходных Shorts на канале; Подходит: да; Хук: не найдено; Конфликт: не найдено; Поворот: не найдено; Финал: не найдено; Соседний эпизод: https://www.youtube.com/shorts/XgKOwXY5FPE",https://www.youtube.com/shorts/789tS0TT1BY\nhttps://www.youtube.com/@batek_official9120/shorts\nhttps://www.youtube.com/shorts/XgKOwXY5FPE\nhttps://www.youtube.com/shorts/wQCeLuaOXtA\nhttps://www.youtube.com/shorts/3TlENdDmSO8,"среднее — заголовок, канал, URL канала, публичное число подписчиков, тип Shorts и повторяемый формат подтверждены YouTube, но сам ролик на срез проверки недоступен, поэтому дата, просмотры, длительность и сюжетные поля не подтверждены.",
https://www.youtube.com/shorts/7MKC47cFxis,"Канал: SilverPeak (@SilverPeak15), URL канала: https://www.youtube.com/@SilverPeak15/shorts; Язык: ru; Заголовок: РАБОТЯГА СПАС АВТОРИТЕТУ ЖИЗНЬ😨😨😨 #shorts #фильмы #сериал #криминал #кино; Дата: не найдено; Просмотры: не найдено; Подписчики: не найдено; Длительность_с: не найдено; Тип: Shorts; Серийность: в заголовке есть маркеры «#сериал» и «#кино»; на странице канала опубликована повторяющаяся линейка коротких роликов с общей пометкой «Жизнь по вызову» и повторяющимися персонажами/актёрами, однако принадлежность именно ролика 7MKC47cFxis к конкретной части и номер эпизода не подтверждены; Подходит: да; Хук: не найдено — ролик на момент проверки недоступен; Конфликт: не найдено — ролик на момент проверки недоступен; Поворот: не найдено — ролик на момент проверки недоступен; Финал: не найдено — ролик на момент проверки недоступен; Соседний эпизод: https://www.youtube.com/shorts/hjNnDnuoNCA",https://www.youtube.com/shorts/7MKC47cFxis\nhttps://www.youtube.com/@SilverPeak15/shorts\nhttps://www.youtube.com/shorts/hjNnDnuoNCA,"среднее — заголовок, канал, тип Shorts и серийный контекст подтверждены прямыми страницами YouTube, но исходный ролик недоступен, поэтому дата, просмотры, точное число подписчиков, длительность и сюжетные элементы не подтверждены.",
https://www.youtube.com/shorts/7bODUoNZf7Q,"Канал: SbignMation (https://www.youtube.com/@sbignmation); Язык: en; Заголовок: STEVE.exe - Part 2 | Minecraft Animation; Дата: 2026-08-20; Просмотры: не найдено; Подписчики: 49; Длительность_с: 15; Тип: Shorts; Серийность: серийный ролик, часть 2 из серии STEVE.exe; на канале публично видны Part 1, Part 2 и Part 3, повторяющиеся персонажи/образы Minecraft, включая красного человечка, зомби и Херобрина; Подходит: да; Хук: в первые 1–3 секунды красный человечек сражается с двумя зомби в лесу Minecraft и ударом ноги отбрасывает одного из них; Конфликт: отлетевший зомби приземляется в кусты, превращается в Херобрина и возвращается с синей магической аурой; Поворот: Херобрин возвращается, бьёт красного человечка и второго зомби, отправляя второго в полёт; Финал: Херобрин начинает серию быстрых ударов по красному человечку, после чего появляется надпись «SUB OR SMASH» с сердечками; Соседний эпизод: https://www.youtube.com/shorts/ePNjeTEjnik",https://www.youtube.com/shorts/7bODUoNZf7Q\nhttps://www.youtube.com/@sbignmation\nhttps://www.youtube.com/shorts/ePNjeTEjnik\nhttps://www.youtube.com/shorts/kRqooW0BfFk,"высокое — заголовок, канал, подписчики, дата и серийность подтверждены публичными страницами YouTube; точное число просмотров и иные неотображённые поля не подставлялись.",
https://www.youtube.com/shorts/7n26BWkG5sQ,"Канал: Vigloo - Premiere Short Dramas (@ViglooOfficial), URL канала: https://www.youtube.com/@ViglooOfficial; Язык: en; Заголовок: Good Girl Gone Bad Trailer | Vigloo Premiere Short Dramas; Дата: 2025-08-21; Просмотры: не найдено; Подписчики: 649000; Длительность_с: не найдено; Тип: Shorts; Серийность: трейлер вертикальной мини-драмы Good Girl Gone Bad; официальная связанная публикация обозначена как Ep.1-15; повторяющиеся персонажи: профессор Madeline Shaw и Knox Adams; Подходит: да; Хук: не найдено — воспроизведение ролика на прямой странице недоступно, доступна только публичная аннотация; Конфликт: профессор Madeline Shaw живёт по правилам, а Knox Adams выдаёт себя за студента, хотя является миллиардером-CEO на тайной миссии по поиску предателя; Поворот: раскрывается скрытая личность Knox Adams и то, что романтическое притяжение связано с опасной миссией; Финал: не найдено — финал именно этого трейлера публично не наблюдался из-за недоступности воспроизведения; Соседний эпизод: https://www.youtube.com/watch?v=eKr-B9YRbQc",https://www.youtube.com/shorts/7n26BWkG5sQ\nhttps://www.youtube.com/oembed?url=https://www.youtube.com/shorts/7n26BWkG5sQ&format=json\nhttps://www.youtube.com/watch?v=eKr-B9YRbQc\nhttps://www.youtube.com/@ViglooOfficial/shorts\nhttps://www.vigloo.com/en/content/15000343\nhttps://i-love-verticals.com/reviews/good-girl-gone-bad/\nhttps://www.imdb.com/title/tt38036306/,"среднее — заголовок, ID, канал, тип, дата и серийность подтверждены прямой страницей/YouTube oEmbed и официальными либо независимыми описаниями, но просмотры, длительность и покадровые детали хука и финала недоступны из-за недоступного воспроизведения.",
https://www.youtube.com/shorts/81SYX7yF2go,"Канал: The Land Of Boggs (https://www.youtube.com/@TheLandofBoggs); Язык: en; Заголовок: Only a vegetable can heal me; Дата: 2026-08-14; Просмотры: 2572952; Подписчики: не найдено; Длительность_с: 13; Тип: Shorts; Серийность: повторяемая анимационная серия The Land Of Boggs с постоянными персонажами Boggo и Boe; в данном ролике визуально наблюдается один главный оранжевый персонаж, похожий на Boe; Подходит: да; Хук: персонаж лежит лицом вниз среди мусора, пустых стаканов и коробок от пиццы, выглядит тяжело больным и стонет; Конфликт: герой страдает от сильного недомогания и ползёт к куче мусора, где на разделочной доске лежат свежие овощи; Поворот: после укуса моркови он мгновенно «исцеляется» — появляются лучи из глаз, левитация, блестящий розовый фон и гиперболически счастливое лицо; Финал: герой сидит на чистом красном диване, говорит, что чувствует себя намного лучше, но снова ест вредные чипсы; Соседний эпизод: https://www.youtube.com/shorts/qYCONY6yy-Y",https://www.youtube.com/shorts/81SYX7yF2go\nhttps://www.youtube.com/@TheLandofBoggs\nhttps://www.facebook.com/thelandofboggs/videos/only-a-vegetable-can-heal-me/1739806383898955/\nhttps://www.tiktok.com/@thelandofboggs/video/7673963947644472589\nhttps://www.youtube.com/shorts/qYCONY6yy-Y,"высокое — заголовок, канал, дата, просмотры и длительность извлечены из публичных данных YouTube; сюжет подтверждён визуальным анализом доступного видео и кросс-постом Facebook, а точное число подписчиков не указано, поскольку публично отображается только округлённое значение 9.81M.",
https://www.youtube.com/shorts/929qM3w4cl8,"Канал: TS X USA (@TSXUSA), URL канала: https://www.youtube.com/@TSXUSA; Язык: en; Заголовок: The Secret Roblox Game Disappeared... 😨 | Roblox Horror Story Part 2 #shorts; Дата: 2026-07-28; Просмотры: не найдено; Подписчики: 54; Длительность_с: не найдено; Тип: Shorts; Серийность: Part 2, повторяемая Roblox horror story; Подходит: да; Хук: не найдено; Конфликт: после обнаружения секретной двери игрок оказывается единственным оставшимся на сервере; Поворот: появляется пугающее сообщение «Don't look behind you»; Финал: не найдено; Соседний эпизод: https://www.youtube.com/shorts/TFgT4Zn0Fac",https://www.youtube.com/shorts/929qM3w4cl8\nhttps://www.youtube.com/watch?v=929qM3w4cl8\nhttps://www.youtube.com/@TSXUSA\nhttps://www.youtube.com/shorts/TFgT4Zn0Fac,"среднее — заголовок, канал, публичные подписчики, серийность, дата и соседний эпизод подтверждены открытыми страницами YouTube; точное число просмотров, длительность и первые 1–3 секунды недоступны из-за недоступного плеера и антибот-проверки.",
https://www.youtube.com/shorts/CpDVNcaHse4,"Канал: Kinigra Deon (@KinigraDeon), URL канала: https://www.youtube.com/@KinigraDeon; Язык: en; Заголовок: When The boy you love betrays you 💔 #kinigradeon; Дата: не найдено; Просмотры: не найдено; Подписчики: 6,050,000; Длительность_с: не найдено; Тип: Shorts; Серийность: вертикальный тизер/отрывок, ведущий на полнометражный эпизод «BOYFRIEND FOR SALE 🤑 | “Love For A Price”| Kinigra Deon»; в кадре два персонажа — девушка с косичками и парень с афро-прической; номер эпизода не найдено; Подходит: да; Хук: девушка сразу требует от парня ответа: «Мой брат заплатил тебе? Да или нет»; Конфликт: девушка считает, что парень общается с ней только из-за денег её брата, обвиняет его в предательстве и перебивает попытки объясниться; Поворот: она заявляет, что больше не будет тратить на него время, показывает средний палец с кольцом в виде часов и уходит; Финал: парень остаётся один и говорит, что ему не дали поговорить; затем появляется призыв посмотреть полное видео и изображение с надписью «Купи парня» (Buy a Boyfriend); Соседний эпизод: https://www.youtube.com/watch?v=Ri_ogs2aPs0",https://www.youtube.com/shorts/CpDVNcaHse4\nhttps://www.youtube.com/@KinigraDeon\nhttps://www.youtube.com/watch?v=Ri_ogs2aPs0,"среднее — заголовок, канал, язык, тип Shorts, подписчики, сюжет и ссылка на полный соседний материал подтверждены публичными страницами и видеоанализом, но дата публикации, точные просмотры и длительность недоступны из-за публичного статуса страницы «Video unavailable».",
https://www.youtube.com/shorts/ECYFwqJp050,"Канал: Супер Марк (@СуперМарк-ж2э), URL канала: https://www.youtube.com/@СуперМарк-%D0%B62%D1%8D; Язык: ru; Заголовок: 😈 ЧТО-ТО СТУЧИТ В ВАШУ ДВЕРЬ! ВЕРИТИ МАЙНКРАФТ 1 СЕРИЯ ОН ЖИВОЙ 😵‍💫 РЕАКЦИЯ МОД АНИМАЦИЯ VERITY · @OfficialZelel; Дата: 2026-08-03; Просмотры: не найдено; Подписчики: 364; Длительность_с: не найдено; Тип: Shorts; Серийность: в заголовке явно указано «1 серия»; повторяемая вселенная/персонаж Verity и формат Minecraft reaction/mod animation; Подходит: да; Хук: по заголовку заявлена тревожная ситуация — «что-то стучит в вашу дверь»; фактическое начало первых 1–3 секунд не подтверждено, так как YouTube показывает Video unavailable; Конфликт: заявленная угроза/нечто неизвестное за дверью и реакция на хоррор-мод Verity; фактическая сценическая подача не подтверждена; Поворот: не найдено; Финал: не найдено; Соседний эпизод: https://rutube.ru/video/81d3e620b0bfd7ebeb4f7e830fe31266/",https://www.youtube.com/shorts/ECYFwqJp050\nhttps://m.youtube.com/shorts/ECYFwqJp050\nhttps://www.youtube.com/@СуперМарк-%D0%B62%D1%8D/shorts\nhttps://rutube.ru/video/81d3e620b0bfd7ebeb4f7e830fe31266/\nhttps://rutube.ru/video/ebc543fdc5d180bb8a5483dd54cf48dc/,"среднее — заголовок, канал, дата и число подписчиков подтверждены страницами YouTube, а серийность и соседний эпизод поддержаны открытым поиском, но просмотры, длительность и фактический сюжет недоступны из-за статуса Video unavailable.",
https://www.youtube.com/shorts/EtbDIjqT21k,"Канал: Olesya Kuzmenko (@olesyakuzmenko4720), URL канала: https://www.youtube.com/@olesyakuzmenko4720; Язык: ru; Заголовок: 😈 ЧТО-ТО СТУЧИТ В ВАШУ ДВЕРЬ! ВЕРИТИ МАЙНКРАФТ 1 СЕРИЯ ОН ЖИВОЙ 😵‍💫 РЕАКЦИЯ МОД АНИМАЦИЯ VERITY · @OfficialZelel; Дата: 2026-08-04; Просмотры: не найдено; Подписчики: 24; Длительность_с: 15; Тип: Shorts; Серийность: В заголовке прямо указано «1 серия»; повторяющийся персонаж/объект — Верити; Подходит: да; Хук: В первые 1–3 секунды на чёрном фоне появляется анимированный жёлтый смайлик/Верити, представляющийся другом-помощником; Конфликт: Человек за кадром с лёгким скепсисом проверяет, действительно ли Верити всё знает; Поворот: не найдено; Финал: Человек спрашивает «Ну и сколько будет два плюс два?», Верити начинает отвечать, после чего ролик обрывается; Соседний эпизод: https://www.youtube.com/watch?v=sKN9M6fN2Ac",https://www.youtube.com/shorts/EtbDIjqT21k\nhttps://www.youtube.com/@olesyakuzmenko4720/shorts\nhttps://www.youtube.com/oembed?url=https://www.youtube.com/watch?v=EtbDIjqT21k&format=json\nhttps://www.youtube.com/playlist?list=PLG2Lx0c97owU\nhttps://www.youtube.com/watch?v=sKN9M6fN2Ac\nhttps://rutube.ru/video/ebc543fdc5d180bb8a5483dd54cf48dc/\nhttps://www.tiktok.com/@rirzi23/video/7648957918083042593,"среднее — канал, заголовок, дату, подписчиков, тип Shorts и серийность подтверждает YouTube, а просмотры недоступны из-за статуса Video unavailable; сюжет и длительность получены при отдельном анализе доступного видеопотока, независимое зеркало подтверждает тему и нумерацию серии, но не метрики исходного Shorts.",
https://www.youtube.com/shorts/F5iqcoEgfk8,"Канал: MiraNet / Persik (@PersikMiranet), URL канала: https://www.youtube.com/@PersikMiranet; Язык: ru; Заголовок: Ловушка | Сюжет | анимация | 13 серия #майнкрафт #майнкрафтанимация #пес #бискас; Дата: не найдено; Просмотры: не найдено; Подписчики: не найдено (на странице отображается округлённое значение 8.25K, точное число публично не подтверждено); Длительность_с: не найдено; Тип: Shorts; Серийность: да — явно обозначена 13 серия, повторяющиеся персонажи и сюжетная линия; страница ролика также показывает связанный эпизод «РИКИСЯ сюжет 12 серия»; Подходит: да; Хук: в первые секунды герой в Minecraft говорит «Ну и где я?», оглядывается и проваливается в глубокую яму; Конфликт: герой оказывается в ловушке, враг в чёрно-красном облике угрожает ему, затем опасность распространяется на подошедшего персонажа Луи; Поворот: во время нападения появляется светло-зелёный персонаж с алмазным топором и спасает героев; Финал: герои начинают побег, говорят, что нужно найти Снежка, и ролик обрывается на клиффхэнгере; Соседний эпизод: https://www.youtube.com/shorts/dtrrHt5nSmA",https://www.youtube.com/shorts/F5iqcoEgfk8\nhttps://www.youtube.com/@PersikMiranet/shorts\nhttps://www.youtube.com/shorts/dtrrHt5nSmA\nhttps://www.youtube.com/shorts/poWJNIBhuZc,"среднее — заголовок, канал, язык, формат, серийность, соседние эпизоды и сюжет подтверждены прямой страницей, страницей канала, поисковой выдачей и анализом доступного видеоряда, но ролик на прямой странице помечен как недоступный, поэтому дата, точные просмотры, точное число подписчиков и длительность не подтверждены.",
https://www.youtube.com/shorts/Gdo4zpnIj1g,"Канал: The Land Of Boggs — https://www.youtube.com/@TheLandofBoggs; Язык: en; Заголовок: Theme Park Speedrun; Дата: 2026-07-31; Просмотры: 3200000; Подписчики: 9810000; Длительность_с: 24; Тип: Shorts; Серийность: серийный анимационный формат The Land of Boggs с повторяющимися персонажами Boggo, Boe и третьим жёлтым персонажем; канал описывает проект как animated series about best friends Boggo and Boe; Подходит: да; Хук: у ворот парка BOGLÜND трое героев ждут открытия; часы показывают 8:59, затем 9:00, ворота распахиваются, а сине-фиолетовый Boggo врывается внутрь на огромной скорости; Конфликт: Boggo пытается максимально быстро пройти все аттракционы и развлечения, тогда как Boe не выдерживает темп — его тошнит на горках, он измучен и едва успевает за другом; Поворот: у водопада Boggo внезапно выпрыгивает из лодки, заметив место для фейерверка, оставляя Boe и жёлтого персонажа в лодке перед падением; Финал: ночью Boggo смотрит фейерверк и говорит «WHAT A GREAT DAY... RIGHT BOE?», пока обессиленный Boe лежит рядом лицом вниз; Соседний эпизод: https://www.youtube.com/shorts/vS37cb6IToI",https://www.youtube.com/shorts/Gdo4zpnIj1g\nhttps://www.youtube.com/watch?v=Gdo4zpnIj1g\nhttps://www.youtube.com/@TheLandofBoggs\nhttps://www.youtube.com/@TheLandofBoggs/shorts\nhttps://www.facebook.com/thelandofboggs/videos/theme-park-speedrun/2115874946024335/\nhttps://www.youtube.com/shorts/vS37cb6IToI,"высокое — заголовок, канал, подписчики, просмотры, формат и длительность подтверждены страницами YouTube/канала, сюжет проверен по анализу самого ролика, а дата 2026-07-31 дополнительно сверена с открытой публикацией канала; число просмотров округлено YouTube до 3.2M.",
https://www.youtube.com/shorts/I2Cgf7iNLrw,"Канал: BATEK_OFFICIAL (@batek_official9120), URL канала: https://www.youtube.com/@batek_official9120; Язык: ru; Заголовок: ОДИН ДЕНЬ ИЗ ДЕТСТВА♥️ #shorts; Дата: 2024-08-27; Просмотры: не найдено; Подписчики: не найдено; Длительность_с: не найдено; Тип: Shorts; Серийность: повторяемый формат ностальгических комедийных скетчей «Один день из детства» с повторяющимися персонажами — сын-школьник, отец и мать; прямой номер части или обозначение «продолжение» не найдено; Подходит: да; Хук: на экране появляется текст «ОДИН ДЕНЬ ИЗ ТВОЕГО ДЕТСТВА 1 СЕНТЯБРЯ», молодой человек сообщает, что уже послезавтра ему в школу; Конфликт: семья в панике собирает ребёнка к 1 сентября — гладит рубашку, ищет школьные принадлежности и рюкзак, подписывает тетрадь; Поворот: мать срочно срезает садовые цветы и собирает обязательный букет учителю; Финал: сын с букетом и мать позируют на улице, пока отец снимает их на ретро-VHS-камеру; Соседний эпизод: https://www.youtube.com/shorts/WMITnVtjXSY",https://www.youtube.com/shorts/I2Cgf7iNLrw\nhttps://www.youtube.com/@batek_official9120\nhttps://www.youtube.com/shorts/WMITnVtjXSY\nhttps://m.vk.com/wall-220500336_28572,"среднее — заголовок, канал, дата и сюжет подтверждены прямой страницей/открытым анализом, но YouTube показывает метрики округлённо (731K и 8.85M), а ролик отмечен как недоступный, поэтому точные просмотры, подписчики и длительность не подтверждены.",
https://www.youtube.com/shorts/ICLQvHQKpF0,"Канал: IRAYBS FILMS (@iraybsfilms), URL канала: https://www.youtube.com/channel/UCtzH0DiWCBfEF4EdydIDrmg; Язык: en; Заголовок: FRIDAY THE 13TH IS HERE - PART 6 #horrorshort; Дата: 2024-11-20; Просмотры: 611; Подписчики: 435; Длительность_с: 90; Тип: Shorts; Серийность: явно серийный хоррор-эпизод, часть 6 — в начале и конце есть заставки “START OF PART 6. FRIDAY THE 13TH.” и “END OF PART 6. FRIDAY THE 13TH.”; повторяющиеся персонажи/образы: мужчина в очках и фигура в хоккейной маске; Подходит: да; Хук: стартовая заставка части 6, затем закадровая реплика о том, что тело Джейсона не достали из озера и он всё ещё где-то там; Конфликт: мужчина ночью сталкивается с фигурой в хоккейной маске, пытается скрыться в доме, но его находят и жестоко атакуют; Поворот: кровавая сцена обрывается, мужчина просыпается в постели — это был кошмар; Финал: внезапный скример с демоническим лицом, красными глазами и зубастой улыбкой, после чего появляется финальная заставка части 6; Соседний эпизод: https://www.youtube.com/shorts/kKCzLW8tgbk",https://www.youtube.com/shorts/ICLQvHQKpF0\nhttps://www.youtube.com/channel/UCtzH0DiWCBfEF4EdydIDrmg\nhttps://www.youtube.com/shorts/kKCzLW8tgbk,"высокое — заголовок, канал, дата, длительность, просмотры, подписчики, Shorts-статус и соседний эпизод подтверждены открытыми страницами YouTube; сюжет подтверждён просмотром/анализом ролика, при этом страница ролика в браузере отображалась как временно недоступная.",
https://www.youtube.com/shorts/JElTHuKcC7c,"Канал: Алмаз Сюбуков (@AlmazSubukov), URL канала: https://www.youtube.com/@AlmazSubukov; Язык: ru; Заголовок: #батёк #ужас #аномалии #shorts; Дата: 2026-03-21; Просмотры: 23000; Подписчики: не найдено; Длительность_с: не найдено; Тип: Shorts; Серийность: да — повторяющийся формат с персонажем/лейтмотивом «батёк» и сюжетами про ужас/аномалии; Подходит: да; Хук: не найдено — ролик недоступен для воспроизведения на публичной странице в момент проверки; Конфликт: не найдено — ролик недоступен для воспроизведения; Поворот: не найдено — ролик недоступен для воспроизведения; Финал: не найдено — ролик недоступен для воспроизведения; Соседний эпизод: https://www.youtube.com/shorts/rmgXjD69V04",https://www.youtube.com/shorts/JElTHuKcC7c\nhttps://www.youtube.com/oembed?url=https://www.youtube.com/shorts/JElTHuKcC7c&format=json\nhttps://www.youtube.com/@AlmazSubukov/shorts\nhttps://www.youtube.com/shorts/rmgXjD69V04,"среднее — заголовок, канал, тип, текущие отображаемые просмотры и серийный формат подтверждены открытыми страницами YouTube, но исходный ролик помечен как недоступный, поэтому длительность и сюжетные элементы не верифицируются, а дата взята из открытого поискового индексирования YouTube.",
https://www.youtube.com/shorts/JQWlnRv4HIk,"Канал: DRM DRAMA English (@drmdramaenglish; URL канала: https://www.youtube.com/@drmdramaenglish/shorts); Язык: en; Заголовок: The Scene That Left Everyone Silent ❤️💔 | Threads of Love | G153; Дата: 2026-06-06; Просмотры: 251; Подписчики: не найдено; Длительность_с: не найдено; Тип: Shorts; Серийность: да — ролик маркирован G153 и относится к повторяющейся романтической драме Threads of Love; описание канала/ролика указывает на ежедневный выпуск эпизодов и персонажа Meera; Подходит: да; Хук: не найдено — видеоплеер на прямой странице недоступен, поэтому первые 1–3 секунды нельзя подтвердить; Конфликт: подтверждено на уровне описания серии — свободолюбивая Meera сопротивляется попытке семьи и bridal school сформировать из неё «идеальную невесту», но конкретная конфликтная сцена этого ролика не подтверждена; Поворот: не найдено; Финал: не найдено; Соседний эпизод: https://www.youtube.com/watch?v=00Mv38GItOA",https://www.youtube.com/shorts/JQWlnRv4HIk\nhttps://www.youtube.com/@drmdramaenglish/shorts\nhttps://www.youtube.com/watch?v=00Mv38GItOA\nhttps://www.youtube.com/playlist?list=PLE8zyZ37b6rM,"среднее — заголовок, канал, дата, просмотры, принадлежность к Shorts и серийность подтверждены прямой страницей/открытым поиском, но подписчики и длительность недоступны, а сюжетные детали первых секунд, поворота и финала не проверяются из-за статуса Video unavailable.",
https://www.youtube.com/shorts/K6ViDmO_Ka0,"Канал: DRM English Dubbed (@drmenglishdubbed), URL канала: https://www.youtube.com/@drmenglishdubbed; Язык: en; Заголовок: Their Hearts Felt At Peace Together 🥹💗 | Threads of Love | G1536; Дата: 2026-08-17; Просмотры: не найдено; Подписчики: 306000; Длительность_с: не найдено; Тип: Shorts; Серийность: серийный/повторяемый вертикальный контент по мини-драме Threads of Love, повторяющиеся персонажи и обозначение серии G1536; Подходит: да; Хук: В первые 1–3 секунды мужчина и женщина ведут напряжённый диалог: мужчина говорит «Такая женщина», женщина резко спрашивает, что он имеет в виду, и обвиняет его в плохих словах о её матери; Конфликт: спор мужчины и женщины о виновности или невиновности матери женщины, Памми Капур; Поворот: женщина переходит от словесной защиты к действию и передаёт полицейскому письма как доказательства невиновности матери; Финал: заставка с призывом подписаться на YouTube-канал DRM DRAMA English; Соседний эпизод: https://www.youtube.com/shorts/NdcHaYtnnwM",https://www.youtube.com/shorts/K6ViDmO_Ka0\nhttps://www.youtube.com/watch?v=K6ViDmO_Ka0\nhttps://www.youtube.com/oembed?url=https://www.youtube.com/shorts/K6ViDmO_Ka0&format=json\nhttps://www.youtube.com/@drmenglishdubbed\nhttps://www.youtube.com/@drmenglishdubbed/shorts\nhttps://www.youtube.com/playlist?list=PLMfuIStZNE0tY5DukuaEzUQz8oFU9VWnA\nhttps://www.youtube.com/shorts/NdcHaYtnnwM,"высокое — заголовок, автор, URL канала, дата, серийность и подписчики подтверждены открытыми страницами YouTube/playlist, а сюжет проверен анализом доступного видео; просмотры и длительность публично не извлечены и поэтому помечены как «не найдено».",
https://www.youtube.com/shorts/KWntvh2HvaQ,"Канал: The Land Of Boggs — https://www.youtube.com/@TheLandofBoggs; Язык: en; Заголовок: I Wanna Pet Itttttt; Дата: 2026-08-08; Просмотры: не найдено; Подписчики: не найдено; Длительность_с: 26; Тип: Shorts; Серийность: повторяющийся анимационный сериал The Land of Boggs с постоянными персонажами Boggo и Boe; Подходит: да; Хук: Boe замечает дикое животное и с восторгом бросается его гладить, пока Boggo пытается его остановить; Конфликт: Boe снова и снова пытается гладить опасных диких животных и получает травмы, а Boggo безуспешно пытается его удержать; Поворот: после скунса, улья и удара оленя Boe оказывается в пасти медведя; Финал: находясь в пасти медведя, Boe улыбается и говорит, что медведь мягкий и пушистый; Соседний эпизод: https://www.youtube.com/shorts/OvBfS30UNn4",https://www.youtube.com/shorts/KWntvh2HvaQ\nhttps://www.youtube.com/@TheLandofBoggs\nhttps://www.youtube.com/@TheLandofBoggs/shorts\nhttps://www.tiktok.com/@thelandofboggs/video/7671691184477064462\nhttps://www.youtube.com/shorts/OvBfS30UNn4,"среднее — заголовок, канал, дата, длительность и серийность подтверждены страницами YouTube и открытым дублем TikTok, но точные текущие просмотры и подписчики публично отображались только в округлённом виде, а основной YouTube-плеер был недоступен.",
https://www.youtube.com/shorts/MEwMlJ7PMa4,"Канал: Vigloo - Premiere Short Dramas (@ViglooOfficial), URL канала: https://www.youtube.com/@ViglooOfficial; Язык: en; Заголовок: Stake To The Heart Trailer | Vigloo Premiere Short Dramas; Дата: 2025-08-04; Просмотры: не найдено; Подписчики: не найдено; Длительность_с: не найдено; Тип: Shorts; Серийность: да — трейлер вертикальной мини-драмы Stake To The Heart; страница ролика ведёт на сборник Stake To The Heart Ep.1-9, а в анализе видео видны повторяющиеся главные персонажи: Кэссиди, Тео-вампир и брат-охотник; Подходит: да; Хук: девушка в школьной форме говорит, что ей повезло оказаться в паре с самым красивым парнем в школе; Конфликт: девушка — охотница на вампиров, а парень, к которому она испытывает чувства, — вампир; её брат, руководящий орденом охотников, намерен уничтожить его, сталкивая долг и личные отношения; Поворот: раскрывается истинная сущность героев — она охотница, он вампир; брат утверждает, что все вампиры убийцы, а парень спрашивает, действительно ли она считает всех вампиров злом; Финал: появляется титр Stake To The Heart, постер с тремя главными героями и призыв смотреть бесплатные эпизоды на Vigloo; Соседний эпизод: https://www.youtube.com/watch?v=kjJOVzXiANs",https://www.youtube.com/shorts/MEwMlJ7PMa4\nhttps://www.youtube.com/@ViglooOfficial\nhttps://www.youtube.com/watch?v=kjJOVzXiANs\nhttps://www.vigloo.com/en/content/15000321,"среднее — заголовок, канал, дата, серийность и сюжет подтверждены страницей YouTube, каналом, открытым сайтом Vigloo и анализом самого ролика, но точные текущие просмотры, подписчики числом и длительность в секундах публично не извлеклись; отображённые YouTube «649K subscribers» не преобразованы в точное число.",
https://www.youtube.com/shorts/NdcHaYtnnwM,"Канал: DRM English Dubbed (@drmenglishdubbed), URL канала: https://www.youtube.com/@drmenglishdubbed; Язык: en; Заголовок: He Loved Every Little Thing About Her 🥰❤️ | Threads of Love | G1536; Дата: не найдено; Просмотры: 1; Подписчики: 306000; Длительность_с: не найдено; Тип: Shorts; Серийность: да — ролик помечен Threads of Love и G1536, канал публикует повторяющиеся короткие фрагменты с теми же персонажами/сюжетной линией; полный сериал размещён в плейлисте Watch All Episodes | Threads of Love | English Dubbed; Подходит: да; Хук: обеспокоенная женщина отвечает на телефонный звонок; Конфликт: по телефону сообщают трагическое известие из больницы — человека атаковали и выбросили из движущегося автобуса; другая женщина реагирует враждебно и называет происходящее «драмой»; Поворот: выясняется, что пострадавшая — Амайя, а не Мира; Финал: сцена обрывается на крупных планах шокированных лиц, после чего появляется рекламная заставка с призывом посмотреть полную историю; Соседний эпизод: https://www.youtube.com/watch?v=saP0vgirPJo",https://www.youtube.com/shorts/NdcHaYtnnwM\nhttps://www.youtube.com/@drmenglishdubbed/shorts\nhttps://www.youtube.com/playlist?list=PLXd471CHFK_w\nhttps://www.youtube.com/watch?v=saP0vgirPJo,"среднее — заголовок, канал, публичные просмотры и подписчики подтверждены открытыми страницами, серийность и сюжет проверены анализом ролика, но дата и длительность исходного Shorts недоступны из-за статуса Video unavailable.",
https://www.youtube.com/shorts/NuzGHkMd8v0,"Канал: Кристина Сейтягьяева (@КристинаСейтягьяева-з7х), URL канала: https://www.youtube.com/@КристинаСейтягьяева-з7х/shorts; Язык: ru; Заголовок: Винни Пух день забот. 5 серия. Майнкрафт анимация. Animations Minecraft · @NAIZISHOW; Дата: 2026-05-22; Просмотры: 1200; Подписчики: 5; Длительность_с: 30; Тип: Shorts; Серийность: в заголовке указана 5 серия; канал публично показывает 5 Shorts, опубликованных в тот же день, поэтому повторяемость подтверждается, но сюжетная связь соседних роликов не установлена; Подходит: да; Хук: в первые 1–3 секунды кот во дворе, стоя на задних лапах и опираясь передними на синий пластиковый бидон, засовывает голову в узкое горлышко; звучит русская реплика Винни-Пуха о чайной ложечке и пустом горшке; Конфликт: кот пытается исследовать содержимое бидона или достать что-то из него, удерживая неудобную позу; Поворот: примерно на 11-й секунде кот вытаскивает голову, оглядывается вправо и прямо, затем примерно на 18-й секунде снова опускает голову в бидон; Финал: примерно на 30-й секунде кот снова вытаскивает голову, смотрит вправо, и ролик заканчивается; Соседний эпизод: https://www.youtube.com/shorts/GwDQGQNwRo8",https://www.youtube.com/shorts/NuzGHkMd8v0\nhttps://www.youtube.com/@КристинаСейтягьяева-з7х/shorts\nhttps://www.youtube.com/watch?v=AD07BsIqFz0\nhttps://www.youtube.com/shorts/GwDQGQNwRo8\nhttps://www.youtube.com/shorts/Km373j7LHHA,"среднее — заголовок, канал, дата, подписчики, просмотры, Shorts-статус и соседние URL подтверждены открытыми страницами YouTube, длительность и сюжет — визуальным анализом доступного ролика, но страница самого видео частично показывала Video unavailable и независимый трекер не найден.",
https://www.youtube.com/shorts/OvBfS30UNn4,"Канал: The Land Of Boggs (URL канала: https://www.youtube.com/@TheLandofBoggs); Язык: en; Заголовок: The Coolest Coffee Order?!; Дата: 2026-08-07; Просмотры: 5426416; Подписчики: 9810000; Длительность_с: не найдено; Тип: Shorts; Серийность: серийный анимационный проект The Land Of Boggs с повторяющимися персонажами Boggo и Boe; Подходит: да; Хук: «Wanna grab coffee?» — приглашение выпить кофе, зафиксированное в открытом фрагменте описания/транскрипта; Конфликт: не найдено; Поворот: не найдено; Финал: не найдено; Соседний эпизод: https://www.youtube.com/watch?v=jF6zrWs9IzY",https://www.youtube.com/shorts/OvBfS30UNn4\nhttps://www.youtube.com/watch?v=OvBfS30UNn4\nhttps://www.youtube.com/@TheLandofBoggs/shorts\nhttps://www.youtube.com/watch?v=jF6zrWs9IzY\nhttps://www.facebook.com/thelandofboggs/videos/the-coolest-coffee-order/1592857802544347/,"среднее — заголовок, канал, дата, просмотры и подписчики подтверждены открытой страницей YouTube на срез 21.08.2026, но ролик отображался как недоступный для воспроизведения, поэтому длительность и полный сюжет (конфликт, поворот, финал) не подтверждены.",
https://www.youtube.com/shorts/PvAjx1MEW0E,"Канал: IRAYBS FILMS (@iraybsfilms), URL канала: https://www.youtube.com/@iraybsfilms; Язык: en; Заголовок: GARBAGE DAY - Taking out the garbage really stinks…. #horrorshort; Дата: не найдено; Просмотры: 22; Подписчики: 435; Длительность_с: не найдено; Тип: Shorts; Серийность: На странице ролика и в анализе содержимого нет указания на часть или серию и нет подтверждённых повторяющихся персонажей; канал публикует другие хоррор-ролики с обозначенными частями, но связь этого ролика с ними не подтверждена; Подходит: нет; Хук: заставка «GARBAGE DAY» поверх изображения женщины с искажённой тревожной улыбкой и мешком для мусора; Конфликт: женщина оказывается в узком кирпичном проходе, стены начинают физически смыкаться и угрожают раздавить её; Поворот: в панике лицо женщины быстро превращается в несколько разных пугающих кровавых монструозных форм; Финал: кирпичные стены полностью смыкаются, женщина раздавлена, снизу появляется большая брызга крови, затем ролик возвращается к начальной заставке; Соседний эпизод: https://www.youtube.com/shorts/x_IGFhPo2GA",https://www.youtube.com/shorts/PvAjx1MEW0E\nhttps://www.youtube.com/@iraybsfilms\nhttps://www.youtube.com/shorts/x_IGFhPo2GA,"среднее — заголовок, канал, подписчики, просмотры, тип Shorts и сюжет подтверждены открытой страницей YouTube и анализом доступного видео, но дата публикации и длительность публично не извлеклись, а соседний ролик указан YouTube как следующий, без подтверждения сюжетной связи.",
https://www.youtube.com/shorts/Pys3v-CTOeA,"Канал: DUCKMOVIELAND (@DUCKMOVIELAND), URL канала: https://www.youtube.com/@DUCKMOVIELAND; Язык: ru; Заголовок: КОД 21454 | ОН СПАС ЕЕ, А ОНА ВЫРУЧИЛА ЕГО #сериал #фильм #movie; Дата: 2025-09-28; Просмотры: 21000; Подписчики: 312000; Длительность_с: не найдено; Тип: Shorts; Серийность: серийный/повторяемый формат с кодами выпусков «КОД», хэштегами #сериал и #фильм; на канале опубликованы многочисленные аналогичные вертикальные сюжетные ролики; Подходит: да; Хук: в первые 1–3 секунды женщина в красном спрашивает женщину в синем: «Так вы жена?», та отвечает: «Я-то жена. А ты кто?», мужчина выглядит растерянным; Конфликт: беременной женщине становится плохо, после родов она не кормит ребёнка, а другая пациентка берёт кормление на себя; Поворот: мать ребёнка радостно общается по телефону, машет мужчине у белого кабриолета, затем ночью одевается и уходит из палаты; Финал: врач и пациентка находят исчезнувшую мать, её записку о том, что она уезжает к другому, оставляя ребёнка; врач держит плачущего младенца; Соседний эпизод: https://www.youtube.com/shorts/wwcV4Ob7Sck",https://www.youtube.com/shorts/Pys3v-CTOeA\nhttps://www.youtube.com/@DUCKMOVIELAND/shorts\nhttps://www.youtube.com/shorts/wwcV4Ob7Sck\nhttps://www.youtube.com/results?search_query=Pys3v-CTOeA,"среднее — заголовок, дата, просмотры и канал подтверждены открытой страницей/поиском YouTube, серийность и сюжет дополнительно проверены анализом видеоряда, но плеер YouTube на момент проверки показывал «Video unavailable», поэтому длительность не подтверждена.",
https://www.youtube.com/shorts/S3GlQKGc1ow,"Канал: Seoul City (@SeoulCityOfficial), URL канала: https://www.youtube.com/@SeoulCityOfficial; Язык: другой; Заголовок: 💗 #HechiAndSoulFriends AI Animation EP.4 💗; Дата: 2025-12-21; Просмотры: не найдено; Подписчики: 76600; Длительность_с: 51; Тип: Shorts; Серийность: серийная AI-анимация #HechiAndSoulFriends, Episode 4, с повторяющимся персонажем Hechi и Soul Friends; Подходит: да; Хук: розовый пушистый персонаж с синими полосами сидит на ледовом катке и завязывает белые коньки; Конфликт: при уборке катка большим скребком персонаж поскальзывается и падает на спину; Поворот: не найдено; Финал: персонаж зажигает украшенную рождественскую ёлку, в жёлтой каске улыбается и показывает большой палец; Соседний эпизод: https://english.seoul.go.kr/ai-animation-ep-3-hechis-mission-bust-the-anxiety-ghost-a-chase-to-the-hangang-river-on-ttareungi/",https://www.youtube.com/shorts/S3GlQKGc1ow\nhttps://www.youtube.com/@SeoulCityOfficial/shorts\nhttps://english.seoul.go.kr/ai-animation-ep-4-hechis-ice-rink-safety-check-seoul-plaza-skating-rink-ready-for-opening/\nhttps://english.seoul.go.kr/ai-animation-ep-3-hechis-mission-bust-the-anxiety-ghost-a-chase-to-the-hangang-river-on-ttareungi/\nhttps://english.seoul.go.kr/ai-animation-ep-5-hechi-to-the-rescue-protecting-seouls-gardens/,"среднее — заголовок, канал, серийность, сюжет, длительность и подписчики подтверждены прямой страницей YouTube, официальной страницей Seoul Metropolitan Government и анализом доступного видео, но текущий счётчик просмотров на странице YouTube недоступен, а язык определён по визуально-текстовому содержанию как смешанный/иной.",
https://www.youtube.com/shorts/TFgT4Zn0Fac,"Канал: TS X USA (@TSXUSA), URL канала: https://www.youtube.com/@TSXUSA; Язык: en; Заголовок: I Found a Secret Door in Roblox... What Happened Next Was Terrifying! 😱 | Part 1 #shorts; Дата: не найдено; Просмотры: не найдено; Подписчики: 54; Длительность_с: не найдено; Тип: Shorts; Серийность: В заголовке явно указано Part 1; повторяемая Roblox-хоррор/мини-драматическая подача канала подтверждается другими роликами с маркировкой Part 2 и Roblox Horror Story, но прямую сюжетную связь именно этого ролика с найденным Part 2 подтвердить нельзя; Подходит: да; Хук: не найдено — ролик на прямой странице помечен как Video unavailable, поэтому первые 1–3 секунды не наблюдаемы; Конфликт: не найдено — содержание недоступно; Поворот: не найдено — содержание недоступно; Финал: не найдено — содержание недоступно; Соседний эпизод: https://www.youtube.com/shorts/929qM3w4cl8",https://www.youtube.com/shorts/TFgT4Zn0Fac\nhttps://www.youtube.com/watch?v=TFgT4Zn0Fac\nhttps://www.youtube.com/@TSXUSA/shorts\nhttps://www.youtube.com/shorts/929qM3w4cl8,"среднее — заголовок, Shorts-тип, канал и 54 подписчика подтверждены открытыми страницами YouTube, но ролик недоступен для просмотра, поэтому дата, просмотры, длительность и сюжетные поля не подтверждаются.",
https://www.youtube.com/shorts/TZFokoTSJHk,"Канал: The Land Of Boggs (https://www.youtube.com/@TheLandofBoggs); Язык: en; Заголовок: I can't find what she wants!; Дата: не найдено; Просмотры: не найдено; Подписчики: не найдено; Длительность_с: 17; Тип: Shorts; Серийность: серийный анимационный веб-сериал The Land of Boggs; повторяющиеся персонажи Boggo и Boe, в данном ролике также показана мама/повар; Подходит: да; Хук: в первые 1–3 секунды персонаж просит Боу достать сахар со средней полки, пока сам готовит еду; Конфликт: Боу не видит сахар на заставленной банками полке, впадает в панику и получает давление из-за угрозы, что повар сам придёт искать; Поворот: хаотичный поиск превращается в разрушение кухни, после чего мама/повар без видимых усилий достаёт сахар из якобы пустого стеллажа; Финал: повар говорит, что сахар был прямо там, где указал, а Боу в шоке и плачет среди разгромленной кухни; Соседний эпизод: https://www.youtube.com/shorts/KWntvh2HvaQ",https://www.youtube.com/shorts/TZFokoTSJHk\nhttps://www.youtube.com/watch?v=TZFokoTSJHk\nhttps://www.youtube.com/@TheLandofBoggs/shorts\nhttps://www.facebook.com/thelandofboggs/videos/i-cant-find-what-she-wants/1094439602919558/\nhttps://www.youtube.com/shorts/KWntvh2HvaQ,"среднее — заголовок, канал, серийность, соседний эпизод и сюжет подтверждены открытыми страницами и анализом самого ролика, но YouTube показывал округлённые просмотры/подписчиков и относительную дату, поэтому точные числа и дата помечены как не найдено.",
https://www.youtube.com/shorts/UogyLXiXdh4,"Канал: Натурал Альбертович — https://www.youtube.com/@natural_albertovich; Язык: ru; Заголовок: ДУШНИЛА - 8я серия (смешное видео, приколы, поржать, юмор, #shorts ); Дата: 2024-07-27; Просмотры: 2981432; Подписчики: 11900000; Длительность_с: не найдено; Тип: Shorts; Серийность: в заголовке явно указана 8я серия («ДУШНИЛА»), что подтверждает повторяемый сериал/формат; соседний эпизод той же серии по открытым данным не найдено; Подходит: да; Хук: не найдено — ролик на момент проверки недоступен для воспроизведения; Конфликт: не найдено — ролик на момент проверки недоступен для воспроизведения; Поворот: не найдено — ролик на момент проверки недоступен для воспроизведения; Финал: не найдено — ролик на момент проверки недоступен для воспроизведения; Соседний эпизод: не найдено",https://www.youtube.com/shorts/UogyLXiXdh4\nhttps://www.youtube.com/watch?v=UogyLXiXdh4\nhttps://www.youtube.com/@natural_albertovich/shorts\nhttps://www.youtube.com/oembed?url=https://www.youtube.com/shorts/UogyLXiXdh4&format=json\nhttps://www.youtube.com/source/UogyLXiXdh4/shorts,"среднее — заголовок, канал, дату и просмотры подтвердил прямой HTML YouTube, профиль канала публично показывает 11.9M подписчиков, но ролик недоступен для просмотра, поэтому длительность, сюжетные элементы и соседний эпизод не подтверждены.",
https://www.youtube.com/shorts/VKicbO7p9yI,"Канал: @AnomalyUFOSeries (ANOMALY); Язык: en; Заголовок: ANOMALY | EPISODE 2 [TEASER]; Дата: не найдено; Просмотры: не найдено; Подписчики: не найдено; Длительность_с: 34; Тип: Shorts; Серийность: серийный ролик — на экране явно указано «EPISODE 2», канал позиционирует ANOMALY как оригинальную серию коротких фильмов; Подходит: да; Хук: тёмная комната, человек лежит на кровати; слышны ночные звуки и нарастающий высокий писк; Конфликт: явного сюжетного или межличностного конфликта не подтверждено, напряжение создают писк и спокойная обстановка; Поворот: камера уходит от кровати в темноту, экран становится чёрным, писк обрывается, появляется узкая полоска света и низкий гул; Финал: на чёрном фоне появляются надписи «EPISODE 2», затем «JUNE 11», в конце слышно карканье ворон; Соседний эпизод: https://www.youtube.com/watch?v=Zs6UDYnmKZA",https://www.youtube.com/shorts/VKicbO7p9yI\nhttps://www.youtube.com/@AnomalyUFOSeries\nhttps://www.youtube.com/watch?v=Zs6UDYnmKZA\nhttps://youtu.be/L-ZHPlVa4do?is=t0UDNxrWyLuTJ6Z5,"среднее — заголовок, канал, серийность, соседний эпизод и длительность подтверждены страницей/открытыми источниками и видеоанализом, но YouTube на момент проверки показывал «Video unavailable», поэтому дата, просмотры и подписчики публично не подтверждены.",
https://www.youtube.com/shorts/VonnxHezrco,"Канал: Татьяна Лызь (@lyzenok), URL канала: https://www.youtube.com/@lyzenok/shorts; Язык: ru; Заголовок: 11 июля 2026 г.; Дата: 2026-07-11; Просмотры: не найдено; Подписчики: 206; Длительность_с: 12; Тип: Shorts; Серийность: повторяемый формат/репост: в описании указана серия «Трое из Простоквашино. Все серии 1-27 серии. Майнкрафт анимация» с атрибуцией @NAIZISHOW; на том же канале найдены соседние Shorts с тем же описанием и датами 2026-06-18 и 2026-07-14, однако наличие единой сюжетной мини-драмы и повторяющихся персонажей именно в этом ролике не подтверждено; Подходит: да; Хук: крупный план нарисованного мужского портрета, затем резкая смена на синюю пластилиновую птицу; звучит вопрос «Это кто там?» и ответ голосом Печкина; Конфликт: звуковая реплика представляет героя как почтальона Печкина, но в кадре показана нелепая синяя пластилиновая птица, что заканчивается репликой «Ой, как неудобно»; Поворот: камера отдаляется и показывает картонные декорации и другие фигурки — кота, волка и русалку на дереве; Финал: статичный общий план композиции на столе, после чего начинает звучать грустная мелодия; Соседний эпизод: https://www.youtube.com/shorts/ici3LXP6W8Y",https://www.youtube.com/shorts/VonnxHezrco\nhttps://www.youtube.com/@lyzenok/shorts\nhttps://www.youtube.com/shorts/ici3LXP6W8Y\nhttps://www.youtube.com/shorts/tgWhgDi9Ckw\nhttps://www.youtube.com/watch?v=q8ILXIrxM54,"среднее — канал, заголовок, дата, подписчики, длительность, язык и сюжет сверены по открытым страницам/анализу доступного видеопотока, но YouTube на прямой странице показывал Video unavailable и не отображал просмотры, поэтому эти поля оставлены как не найдено.",
https://www.youtube.com/shorts/X44d8O_oN-0,"Канал: Снежана Мясникова (@snezhick), URL канала: https://www.youtube.com/@snezhick; Язык: ru; Заголовок: ТИПИЧНАЯ ПЕРЕМЕНА🤣 #приколы #жиза #школа #перемена #рек #скетч #шортс; Дата: 2024-10-13; Просмотры: не найдено; Подписчики: не найдено; Длительность_с: 19; Тип: Shorts; Серийность: повторяемый школьный юмористический скетч-формат «Типичная перемена» с несколькими персонажами; ролик не имеет номера серии, но на канале есть другие повторяемые школьные скетчи и сериал «Лагерь»; Подходит: да; Хук: в школьном коридоре миниатюрная девушка с ярко-розовыми волосами кричит двум очень высоким девушкам «Отвали!», на что они отвечают «Сама отвали!»; Конфликт: серия абсурдных мини-сценок о школьной перемене — перепалка персонажей, затем спор о том, кто водит в игре, и комическая ситуация с просьбой принести туалетную бумагу; Поворот: резкая смена сцены на туалет, где героиня говорит «Из меня сейчас подлодка выйдет», после чего появляется персонаж, приклеенный к потолку; Финал: приклеенный к потолку персонаж отвечает, что помог бы, но его приклеили к потолку; Соседний эпизод: https://www.youtube.com/shorts/1egfA52HfEs",https://www.youtube.com/shorts/X44d8O_oN-0\nhttps://www.youtube.com/@snezhick\nhttps://www.youtube.com/results?search_query=%22%D0%A2%D0%98%D0%9F%D0%98%D0%A7%D0%9D%D0%90%D0%AF+%D0%9F%D0%95%D0%A0%D0%95%D0%9C%D0%95%D0%9D%D0%90%22+%40snezhick\nhttps://www.youtube.com/shorts/1egfA52HfEs,"среднее — заголовок, канал, дата из открытой выдачи, тип и сюжет подтверждены прямой страницей/анализом видеоряда, но точные просмотры и подписчики публично отображались только округлённо либо были недоступны.",
https://www.youtube.com/shorts/_NWBE7MnEEU,"Канал: Wobblet (@The_Wolf_of_Shorts_Street); Язык: ru; Заголовок: Он спас жизнь девочки, но сам не выжил😭 #фильм #сериал #shorts; Дата: 2026-02-07; Просмотры: не найдено; Подписчики: не найдено; Длительность_с: 52; Тип: Shorts; Серийность: ролик выглядит как фрагмент художественного фильма; в диалоге упомянуты три хранителя, семь испытаний и сорок девять дней, что указывает на продолжение истории, но отдельная серия/номер и повторяющийся выпускной формат не подтверждены; Подходит: неясно; Хук: крупный план раненого пожарного, который обращается к девушке и обнаруживает совпадение их имён; Конфликт: герой видит своё тело на земле, тогда как окружающие пытаются его реанимировать, и не принимает собственную смерть, поскольку хочет увидеть мать; Поворот: выясняется, что разговаривающий пожарный — дух, а его физическое тело лежит на земле; Финал: героя затягивает сверхъестественная воронка, он просит хотя бы минуту для прощания с матерью, после чего мужчина в костюме делает взмах рукой; Соседний эпизод: не найдено",https://www.youtube.com/shorts/_NWBE7MnEEU\nhttps://www.youtube.com/@The_Wolf_of_Shorts_Street\nhttps://www.youtube.com/playlist?list=PLIZKItXCtHyghwSe1Llq83Iq5_AdEzAv3\nhttps://www.instagram.com/the_wolf_of_shorts_street/,"среднее — заголовок, канал, дату, длительность и сюжет проверены по открытым страницам и анализу самого ролика, но YouTube показывает ролик как недоступный, поэтому точные текущие просмотры и подписчики, а также соседний эпизод не подтверждены.",
https://www.youtube.com/shorts/_qOeCpSoh4I,"Канал: Арсений Хасанов (https://www.youtube.com/channel/UCNNOnGYnYTBFPsf2F47XcXA); Язык: ru; Заголовок: The New Girl | Vertical Series (Episode 1/9); Дата: 2026-02-03; Просмотры: не найдено; Подписчики: не найдено; Длительность_с: не найдено; Тип: Shorts; Серийность: вертикальный сериал, эпизод 1/9; повторяющиеся персонажи/героини — Аня и блондинка; Подходит: да; Хук: общий план автобусной остановки у трассы, на экране титры «НОВЕНЬКАЯ» и «1 серия», в кадре три человека; Конфликт: знакомство Ани с циничной опытной девушкой, которая психологически давит на неё и предупреждает о работе, клиентах и необходимости не выглядеть жертвой; Поворот: из реплик раскрывается, что героини работают на трассе и что Аня — новичок с трёхлетним ребёнком; Финал: блондинка уходит, обещая рассказать, как пережить первую неделю, а Аня остаётся одна на остановке; сцена затемняется; Соседний эпизод: https://www.youtube.com/shorts/aioEH0BBfu0",https://www.youtube.com/shorts/_qOeCpSoh4I\nhttps://www.youtube.com/channel/UCNNOnGYnYTBFPsf2F47XcXA\nhttps://www.youtube.com/shorts/aioEH0BBfu0\nhttps://www.youtube.com/watch?v=_qOeCpSoh4I,"среднее — заголовок, канал, дата, серийность и сюжет подтверждены страницей/поиском и анализом ролика, но YouTube показывал «Video unavailable», поэтому текущие просмотры, точное число подписчиков и длительность публично не извлечены.",
https://www.youtube.com/shorts/a-8GQUcK8Y0,"Канал: DRM DRAMA English (@drmdramaenglish), URL канала: https://www.youtube.com/@drmdramaenglish; Язык: en; Заголовок: She Brought Warmth Into His Life 💖🥰 | Threads of Love | G1536; Дата: 2026-08-18; Просмотры: не найдено; Подписчики: 248000; Длительность_с: не найдено; Тип: Shorts; Серийность: да — ролик помечен как Threads of Love | G1536; канал публикует повторяющиеся Shorts с тем же названием серии и имеет плейлист Threads of Love all episodes (ENG DUB), 99 видео; Подходит: да; Хук: не найдено; Конфликт: не найдено; Поворот: не найдено; Финал: не найдено; Соседний эпизод: https://www.youtube.com/shorts/r_TpD9o0vKM",https://www.youtube.com/shorts/a-8GQUcK8Y0\nhttps://m.youtube.com/shorts/a-8GQUcK8Y0\nhttps://www.youtube.com/@drmdramaenglish/shorts\nhttps://www.youtube.com/playlist?list=PLMfuIStZNE0tY5DukuaEzUQz8oFU9VWnA\nhttps://www.youtube.com/shorts/r_TpD9o0vKM,"среднее — заголовок, ID, дата, канал, подписчики, формат Shorts и серийность подтверждены открытыми страницами, но прямой ролик на срез проверки отображался как Video unavailable, поэтому просмотры, длительность и содержание сцен не подтверждены.",
https://www.youtube.com/shorts/c73d7usS5gI,"Канал: Аниматик (@Animatic-i1d), URL канала: https://www.youtube.com/@Animatic-i1d; Язык: ru; Заголовок: Did Skiv lock Biscas in the basement? Episode 11 SL; Дата: 2026-06-27; Просмотры: 22000; Подписчики: 1560; Длительность_с: 16; Тип: Shorts; Серийность: да — в заголовке прямо указано Episode 11 SL; ролик использует повторяющихся персонажей/вселенную Бискаса, а финал построен как клиффхэнгер; Подходит: да; Хук: в первые 1–3 секунды бородатый персонаж в защитных очках обвиняет оранжевого антропоморфного лиса Бискуса в похищении сына и требует ответственности; Конфликт: бородатый персонаж угрожает наказать Бискуса, после чего Бискус опасается, что его запрут в подвале; Поворот: персонаж ударяет/толкает Бискуса в тёмное помещение с сундуками и закрывает дверь; Финал: Бискас оказывается заперт в подвале и обнаруживает рядом ещё трёх антропоморфных персонажей — синего, розово-белого и зелёного; Соседний эпизод: не найдено",https://www.youtube.com/shorts/c73d7usS5gI\nhttps://www.youtube.com/watch?v=c73d7usS5gI\nhttps://www.youtube.com/@Animatic-i1d\nhttps://www.youtube.com/@Animatic-i1d/shorts,"среднее — заголовок, URL, канал, подписчики, длительность и просмотры подтверждены открытыми страницами YouTube, дата найдена в индексе поиска, а соседний эпизод не удалось подтвердить прямым URL; сюжет проверен визуально-аудиальным анализом, поскольку исходная страница помечена как Video unavailable.",
https://www.youtube.com/shorts/eOmq_EsNORU,"Канал: ScrollVerse (@scrollverse-sv), URL канала: https://www.youtube.com/@scrollverse-sv; Язык: en; Заголовок: Emma & Robo | Episode 2 🐶✨ | The Lost Puppy | AI Animated Story #shorts; Дата: 2026-07-22; Просмотры: 15; Подписчики: 2; Длительность_с: 40; Тип: Shorts; Серийность: серийная AI-анимация Emma & Robo; подтверждены повторяющиеся персонажи Emma и Robo и наличие как минимум эпизодов 1–8 на странице Shorts канала; Подходит: да; Хук: в первые 1–3 секунды девочка и робот идут по городку, внезапно останавливаются и замечают одинокого грустного щенка у моста; Конфликт: щенок потерялся, выглядит грустным и голодным, герои пытаются его успокоить и девочка кормит его; Поворот: появляется пожилая хозяйка, забирает щенка, после чего щенок начинает рыть землю под деревом и обнаруживается магический компас; Финал: девочка и робот рассматривают светящийся компас и уходят по дороге в сторону леса; Соседний эпизод: https://www.youtube.com/shorts/bZRkhLZ_Ow4",https://www.youtube.com/shorts/eOmq_EsNORU\nhttps://www.youtube.com/watch?v=eOmq_EsNORU\nhttps://www.youtube.com/@scrollverse-sv/shorts\nhttps://www.youtube.com/shorts/bZRkhLZ_Ow4,"высокое — заголовок, канал, дата, просмотры, подписчики и длительность подтверждены открытой страницей YouTube на срез 21.08.2026, серийность подтверждена страницей канала и соседним эпизодом, сюжет дополнительно проверен по доступному публичному видеоряду; независимый трекер не использован.",
https://www.youtube.com/shorts/ePNjeTEjnik,"Канал: SbignMation (@sbignmation), URL канала: https://www.youtube.com/@sbignmation; Язык: en; Заголовок: STEVE.exe - Part 1 | Minecraft Animation; Дата: не найдено; Просмотры: не найдено; Подписчики: 49; Длительность_с: 9; Тип: Shorts; Серийность: да — ролик помечен Part 1; на канале публично видны Part 2 и Part 3 с теми же повторяющимися персонажами/сеттингом Minecraft; Подходит: да; Хук: 00:00–00:03 — Minecraft-персонаж с белыми светящимися глазами держит сияющий синий меч, приближающийся зомби мгновенно уничтожается одним взмахом; Конфликт: 00:03–00:04 — появляется скелет с большим боевым топором, начинается схватка и блокирование ударов; Поворот: 00:04–00:05 — герой приседает, уклоняется от замаха и контратакует снизу вверх, после чего скелет рассыпается на кости; Финал: 00:05–00:09 — герой остаётся в победной позе, появляется призыв «SUB OR SMASH» и красные сердечки в стилистике шкалы здоровья Minecraft; Соседний эпизод: https://www.youtube.com/shorts/7bODUoNZf7Q",https://www.youtube.com/shorts/ePNjeTEjnik\nhttps://www.youtube.com/watch?v=ePNjeTEjnik\nhttps://www.youtube.com/@sbignmation\nhttps://www.youtube.com/shorts/7bODUoNZf7Q\nhttps://www.youtube.com/shorts/kRqooW0BfFk,"среднее — заголовок, канал, число подписчиков, длительность, Shorts-тип и серийность подтверждены открытыми страницами YouTube, но точные дата публикации и текущее число просмотров исходного ролика публично не извлеклись, а видеосюжет подтверждён анализом доступного видеоряда.",
https://www.youtube.com/shorts/fK9PrNwKoRA,"Канал: Case Unsolved (https://www.youtube.com/@CaseUnsolved7); Язык: en; Заголовок: The Monster Told Him to RUN... 😱 | Roblox Horror Story Part 2 #Shorts; Дата: не найдено; Просмотры: 281; Подписчики: 21800; Длительность_с: не найдено; Тип: Shorts; Серийность: да — в заголовке указано Part 2, сюжет продолжает ролик «I Entered a Roblox School at Midnight… 😱 | Roblox Horror Story #Shorts», а финальный экран содержит «PART 3 COMING SOON...»; Подходит: да; Хук: испуганный Roblox-персонаж бежит по тёмному задымлённому школьному коридору, открывает дверь с надписью EXIT, но оказывается в том же коридоре; Конфликт: герой заперт в бесконечной школе и пытается спастись от монстра; Поворот: герой видит огромного монстра с красными глазами, но монстр не нападает, а указывает направление и говорит «Run»; Финал: герой убегает в указанную сторону, появляется надпись «PART 3 COMING SOON...»; Соседний эпизод: https://www.youtube.com/shorts/0Lyl8bNFp-s",https://www.youtube.com/shorts/fK9PrNwKoRA\nhttps://www.youtube.com/@CaseUnsolved7/shorts\nhttps://www.youtube.com/shorts/0Lyl8bNFp-s\nhttps://www.youtube.com/oembed?url=https://www.youtube.com/watch?v=fK9PrNwKoRA&format=json,"среднее — заголовок, канал, подписчики, просмотры, соседний эпизод и сюжет подтверждены открытой страницей YouTube и анализом доступного ролика, но дата и длительность публично не извлеклись.",
https://www.youtube.com/shorts/fXMKLXoy2Og,"Канал: Тайна Исцеления (URL: https://www.youtube.com/@ТайнаИсцеления); Язык: ru; Заголовок: Бесплодный богач и девушка — встреча через годы | часть 1 | #драма #любовь #история #жизнь #судьба; Дата: не найдено; Просмотры: не найдено; Подписчики: 12800; Длительность_с: 160; Тип: Shorts; Серийность: да — в заголовке указано «часть 1», а в финальном кадре ролика присутствует надпись «часть 1»; повторяющиеся персонажи: богач и девушка Алина; Подходит: да; Хук: мужчина-богач в офисе/на фоне ночного мегаполиса, закадровый текст и субтитр сообщают, что бесплодный богач провёл ночь с невинной девушкой, а спустя четыре года она вернулась с его ребёнком; Конфликт: богач считает себя бесплодным и из-за диагноза живёт в одиночестве, не веря в возможность стать отцом; Поворот: спустя четыре года Алина приходит с маленьким мальчиком и заявляет, что это её сын, при этом мужчина замечает в ребёнке свои черты; Финал: мужчина осознаёт, что стал отцом, спрашивает имя мальчика — Артём; ролик заканчивается указанием «часть 1»; Соседний эпизод: не найдено",https://www.youtube.com/shorts/fXMKLXoy2Og\nhttps://www.youtube.com/@ТайнаИсцеления\nhttps://www.youtube.com/watch?v=-zoejHhoj3A\nhttps://www.youtube.com/watch?v=zjgMSXDUP7U\nhttps://www.youtube.com/watch?v=rAdrpudcJxo,"среднее — заголовок, канал, подписчики, длительность, язык, сюжет и серийность подтверждены прямой страницей/анализом ролика, но YouTube не показал просмотры и дату, а отдельный соседний эпизод по открытому поиску не подтверждён.",
https://www.youtube.com/shorts/iQmXjG08G7Y,"Канал: Vigloo - Premiere Short Dramas (@ViglooOfficial), URL канала: https://www.youtube.com/@ViglooOfficial; Язык: en; Заголовок: Campus Rivals Trailer | Vigloo Premiere Short Dramas; Дата: 2025-07-09; Просмотры: не найдено; Подписчики: не найдено; Длительность_с: не найдено; Тип: Shorts; Серийность: трейлер вертикальной мини-драмы Campus Rivals; страница ролика содержит ссылку на сборник Campus Rivals Ep.1-9, что подтверждает серийный формат и повторяющихся персонажей Claire, Xavier и Chad; Подходит: да; Хук: коллаж из полароидных снимков двух смеющихся девушек, затем они заходят в здание Alpha Omega; Конфликт: любовный треугольник в студенческой среде — Claire оказывается между Xavier и Chad, которые враждуют из-за неё; Поворот: выясняется, что у Xavier есть невеста, угрожающая уничтожить Claire, а Chad говорит, что Claire для Xavier лишь источник денег; Финал: расстроенная Claire стоит с бокалом между двумя соперниками на вечеринке, после чего ролик обрывается на рекламной заставке Campus Rivals с призывом смотреть эпизоды в Vigloo; Соседний эпизод: https://www.youtube.com/watch?v=up7KaodjdWk",https://www.youtube.com/shorts/iQmXjG08G7Y\nhttps://www.youtube.com/watch?v=iQmXjG08G7Y\nhttps://www.youtube.com/@ViglooOfficial\nhttps://www.youtube.com/watch?v=up7KaodjdWk,"среднее — заголовок, канал, дата, тип, серийность, соседний выпуск и сюжет подтверждены открытыми страницами YouTube и анализом видеоряда, но точные текущие просмотры, подписчики и длительность публично не извлечены из-за округлённых метрик и недоступности плеера.",
https://www.youtube.com/shorts/ib1FWmbicIg,"Канал: Злата бадабум (@zzlatik), URL канала: https://www.youtube.com/@zzlatik; Язык: ru; Заголовок: Глупый Парень, 3 Серия (Мем Майнкрафт Анимация); Дата: 2026-04-01; Просмотры: не найдено; Подписчики: 516000; Длительность_с: 30; Тип: Shorts; Серийность: серийный ролик, явно обозначен как 3 серия; повторяющиеся персонажи/франшиза «Глупый парень» подтверждаются плейлистом и соседними сериями; Подходит: да; Хук: мальчик смотрит прямо в камеру, начинает петь под ритмичную музыку и примерно на 2-й секунде кладёт в рот кусок еды; Конфликт: по песне парня нанимают мыть посуду в кафе, но он оказывается «криворуким», разбивает посуду, распугивает клиентов и разрушает бизнес; Поворот: примерно на 13–15-й секунде после включения воды звучит эффект плеска/грохота, а исполнитель резко изображает испуг и прикрывает рот рукой; Финал: по песне начальник заставляет виновника мести улицу в качестве компенсации, затем прогоняет его; ролик заканчивается взглядом в камеру с лёгкой улыбкой; Соседний эпизод: https://www.youtube.com/playlist?list=PL26DBL18vEb9Vm_6VzvMabb5W7gjCdeOB",https://www.youtube.com/shorts/ib1FWmbicIg\nhttps://www.youtube.com/@zzlatik\nhttps://www.youtube.com/playlist?list=PL26DBL18vEb9Vm_6VzvMabb5W7gjCdeOB\nhttps://www.youtube.com/shorts/WE5DXByWpos\nhttps://www.youtube.com/watch?v=H0U2FV5fECA,"среднее — заголовок, канал, подписчики, длительность, серийность и сюжет подтверждены открытыми страницами и анализом ролика, но текущие просмотры не отображаются, а дата 2026-04-01 следует из публичной страницы/индекса YouTube.",
https://www.youtube.com/shorts/iiaJltvM5Xs,"Канал: Алмаз Сюбуков (@AlmazSubukov), URL канала: https://www.youtube.com/@AlmazSubukov; Язык: ru; Заголовок: #ужас #аномалии #батёк #порог; Дата: не найдено; Просмотры: не найдено; Подписчики: не найдено; Длительность_с: не найдено; Тип: Shorts; Серийность: да — ролик входит в повторяемую серию коротких хоррор-/аномали-скетчей с повторяющимся персонажем/образом «батёк» и повторяющимися тегами «аномалии», «порог», «ужас»; Подходит: да; Хук: ролик открывается быстрым показом трёх людей в изолированных комнатах; на экране заявляется, что они ели заражённую еду в рамках секретной программы; Конфликт: секретный эксперимент «Обед» с заражёнными продуктами выходит из-под контроля, а состояние добровольцев ухудшается; Поворот: на пятый день у двух участников синхронизируется поведение/мозговая активность, а третий впадает в маниакальное состояние и требует ещё заражённой еды; Финал: врачи прекращают эксперимент, но ситуация уже ухудшилась; появляется человек в химзащите и участник в неестественной позе, затем открытый обрыв с обещанием продолжения на другой кассете и короткая реакционная вставка; Соседний эпизод: https://www.youtube.com/shorts/DyrkHm-CvBA",https://www.youtube.com/shorts/iiaJltvM5Xs\nhttps://www.youtube.com/oembed?url=https://www.youtube.com/shorts/iiaJltvM5Xs&format=json\nhttps://www.youtube.com/@AlmazSubukov/shorts\nhttps://www.youtube.com/shorts/DyrkHm-CvBA\nhttps://www.tiktok.com/@almazsubukov/video/7627619715912846613,"среднее — заголовок, канал, URL канала, тип Shorts, публичный счётчик лайков и повторяемый формат подтверждены, но YouTube помечает ролик как недоступный, поэтому дата, просмотры, длительность и точное число подписчиков не найдены.",
https://www.youtube.com/shorts/jYD5ESpBQzM,"Канал: Vigloo - Premiere Short Dramas (@ViglooOfficial), URL канала: https://www.youtube.com/channel/UC3Lerw1TSnj5WgG8RX6g-Kg; Язык: en; Заголовок: Fires of Love Trailer | Vigloo Premiere Short Dramas; Дата: 2025-06-25; Просмотры: не найдено; Подписчики: 649000; Длительность_с: не найдено; Тип: Shorts; Серийность: трейлер вертикальной мини-драмы Fires of Love; официальная страница связывает ролик со сборником «Fires of Love Ep.1-5», а IMDb классифицирует Fires of Love как TV Mini Series/Micro-Drama; повторяющиеся персонажи: Alice, Caleb; Подходит: да; Хук: не найдено — ролик недоступен для воспроизведения на проверенной странице; Конфликт: подтверждён по открытым синопсисам серии: после потери памяти Alice сталкивается с опасным прошлым, семейным давлением и угрозой отношениям; Поворот: не найдено для конкретных первых секунд трейлера; Финал: не найдено для конкретного трейлера; Соседний эпизод: https://www.youtube.com/watch?v=MaKfDoGCxbI",https://www.youtube.com/shorts/jYD5ESpBQzM\nhttps://www.youtube.com/channel/UC3Lerw1TSnj5WgG8RX6g-Kg\nhttps://www.youtube.com/watch?v=MaKfDoGCxbI\nhttps://www.imdb.com/title/tt37435102/,"среднее — заголовок, дата, тип, канал, подписчики и серийность подтверждены открытыми страницами, но просмотры и длительность Shorts не отображались, а сам ролик был недоступен для воспроизведения, поэтому детали первых секунд, поворот и финал не подтверждены.",
https://www.youtube.com/shorts/kKCzLW8tgbk,"Канал: IRAYBS FILMS (@iraybsfilms), URL канала: https://www.youtube.com/@iraybsfilms; Язык: en; Заголовок: HOUSE CLEANING HORROR - PART 5 #horrorshort; Дата: не найдено; Просмотры: 28; Подписчики: 435; Длительность_с: не найдено; Тип: Shorts; Серийность: явно серийный ролик с маркировкой PART 5; ролик входит в публичный плейлист VERTICAL HORROR SHORT FILMS из 7 видео, где также перечислены PART 1–4 и PART 6; повторяющиеся персонажи: не подтверждено; Подходит: да; Хук: заставка с окровавленным человеком со светящимися глазами и надписями «START OF PART 5» и «CLEANING WAS NEVER THIS TERRIFYING»; Конфликт: мужчина в доме слышит разбившееся стекло, идёт убирать осколки и сталкивается с пугающим присутствием в темноте; Поворот: луч фонаря на пылесосе показывает фигуру в дверном проёме, после отключения света она оказывается ближе, а затем исчезает; Финал: рядом с лицом мужчины внезапно появляется кричащий монстр, после чего ролик обрывается и появляется заставка «END OF PART 5. FOLLOW FOR MORE HORROR»; Соседний эпизод: https://www.youtube.com/shorts/ICLQvHQKpF0",https://www.youtube.com/shorts/kKCzLW8tgbk\nhttps://www.youtube.com/@iraybsfilms/shorts\nhttps://www.youtube.com/playlist?list=PL54MIU52VWD9ZXboIKYerkjx45MUIGW0m\nhttps://www.youtube.com/shorts/ICLQvHQKpF0,"среднее — заголовок, канал, URL канала, просмотры, подписчики, серийность, соседний эпизод и сюжет подтверждены открытыми страницами YouTube и анализом самого ролика, но дата публикации и длительность публично не извлеклись, а прямой Shorts-плеер показывал «Video unavailable».",
https://www.youtube.com/shorts/kKQgjBg6ff8,"Канал: The Land Of Boggs (@TheLandofBoggs), URL канала: https://www.youtube.com/@TheLandofBoggs/shorts; Язык: en; Заголовок: Dad Wants to Help; Дата: 2026-08-18; Просмотры: 57000; Подписчики: 9810000; Длительность_с: не найдено; Тип: Shorts; Серийность: серийный анимационный проект The Land of Boggs; повторяющиеся персонажи/мир Boggo и Boe, ролик помечен как Dad Shorts; Подходит: да; Хук: оранжевый персонаж сидит перед сломанной раковиной, из которой хлещет вода, и пытается получить инструкцию по ремонту через смартфон; Конфликт: пожилой усатый персонаж предлагает помощь, но герой упрямо отвергает её и закрывает дверь/жалюзи, пока помещение затапливает; Поворот: помощник выныривает из воды с трубой, но герой заталкивает его обратно и затем запирает в подвале; Финал: вода достигает потолка, герой продолжает смотреть в смартфон, после чего затопляет всё помещение и экран; Соседний эпизод: https://www.youtube.com/watch?v=QfUXVWy_5KU",https://www.youtube.com/shorts/kKQgjBg6ff8\nhttps://www.youtube.com/watch?v=kKQgjBg6ff8\nhttps://www.youtube.com/@TheLandofBoggs/shorts\nhttps://www.youtube.com/watch?v=QfUXVWy_5KU\nhttps://www.youtube.com/shorts/OEDoDtnUhxc\nhttps://www.tiktok.com/@thelandofboggs/video/7675077230891961614,"среднее — заголовок, канал, дата, просмотры и подписчики подтверждены открытыми страницами, сюжет подтверждён визуальным анализом, но длительность недоступна, а число просмотров на странице канала отображалось округлённо и расходилось с прямой страницей.",
https://www.youtube.com/shorts/kSD2nUhsaRk,"Канал: СЕРИАЛЫ ДЛЯ ДУШИ (@MoviesforSoul), URL канала: https://www.youtube.com/@MoviesforSoul; Язык: ru; Заголовок: Она Решила Помочь Несчастной Женщине #сериал #шортс #фильмы #топ #кино; Дата: 2025-05-04; Просмотры: не найдено; Подписчики: 818000; Длительность_с: не найдено; Тип: Shorts; Серийность: да — в заголовке есть #сериал и #шортс, ролик связан со страницей/ссылкой «ЭТА МЕЛОДРАМА ПОНРАВИЛАСЬ ВСЕМ! РАЗВЕ МОЖНО МЕЧТАТЬ О БОЛЬШЕМ. Все Серии», а индексированный фрагмент описания вводит героиню Ксению и её историю; соседний ролик с тем же заголовком и синопсисом: https://www.youtube.com/shorts/84KuLTfKAL4; Подходит: да; Хук: не найдено — ролик на странице YouTube недоступен для воспроизведения, первые 1–3 секунды публично не подтверждены; Конфликт: подтверждён только общий завязочный конфликт из индексированного фрагмента: медсестра Ксения мечтает о жизни с любимым человеком, но болезнь матери вынуждает отложить переезд за границу; точная экранная подача не найдена; Поворот: не найдено; Финал: не найдено; Соседний эпизод: https://www.youtube.com/shorts/84KuLTfKAL4",https://www.youtube.com/shorts/kSD2nUhsaRk\nhttps://www.youtube.com/@MoviesforSoul/shorts\nhttps://www.youtube.com/shorts/84KuLTfKAL4,"среднее — заголовок, канал, URL канала, дату, подписчиков, формат Shorts и серийный контекст подтверждены открытыми страницами/индексом, но просмотры, длительность и детали сцен недоступны, поскольку ролик помечен YouTube как Video unavailable.",
https://www.youtube.com/shorts/kSt7FC-qWVA,"Канал: IRAYBS FILMS (@iraybsfilms), URL канала: https://www.youtube.com/@iraybsfilms/shorts; Язык: en; Заголовок: ONLINE DATING IS TERRIFYING PART 4 #horrorshort; Дата: не найдено; Просмотры: 36; Подписчики: 435; Длительность_с: не найдено; Тип: Shorts; Серийность: да — в начале и конце ролика явно указаны START OF PART 4 и END OF PART 4; повторяющийся элемент серии — трёхглазая улыбающаяся фигура, появляющаяся в рамочной заставке; Подходит: да; Хук: первые 1–3 секунды показывают жуткую улыбающуюся трёхглазую фигуру с ноутбуком и текстом “START OF PART 4. ONLINE DATING IS SO SCARY”; Конфликт: мужчина записывает видео для профиля онлайн-знакомств, но запись начинает самостоятельно искажаться, показывать угрожающие сообщения и сверхъестественно преследовать его; Поворот: записанная версия мужчины отворачивается не так, как он в реальности, затем появляется надпись “WE ARE HERE”, после чего монстр выходит из экрана в комнату; Финал: монстр нападает, мужчина падает со стула и прячется на полу в темноте, затем возвращается заставка с текстом “END OF PART 4. FOLLOW FOR MORE HORROR”; Соседний эпизод: не найдено",https://www.youtube.com/shorts/kSt7FC-qWVA\nhttps://www.youtube.com/@iraybsfilms/shorts\nhttps://www.youtube.com/playlist?list=PL54MIU52VWD9ZXboIKYerkjx45MUIGW0m,"среднее — заголовок, канал, публичные просмотры, подписчики, формат Shorts и серийность подтверждены открытыми страницами, но YouTube показывал «Video unavailable», поэтому дата, длительность и URL именно соседней части не удалось подтвердить.",
https://www.youtube.com/shorts/lMeqGhMQ5Oc,"Канал: CinemaRuHub (@CinemaRuHub), URL канала: https://www.youtube.com/@CinemaRuHub; Язык: ru; Заголовок: ⚠️АНОМАЛИЯ №128 (ПОСТОЯЛИЦА)⚠️ #аномалии #мистика #minecraft #horror #roblox #fnaf; Дата: 2025-08-21; Просмотры: 13000; Подписчики: 2810; Длительность_с: 61; Тип: Shorts; Серийность: да — ролик имеет номер «№128», повторяемый формат «Аномалия»/инструкции, постоянный водяной знак CinemaRuHub и общую вселенную с другими роликами канала; Подходит: да; Хук: тёмное заброшенное здание и резкое появление пугающей высокой женской фигуры; закадровая подача сразу вводит условие «если при исследовании заброшенного здания вы заметили высокую фигуру…»; Конфликт: человек пытается выжить при встрече с паранормальной «Аномалией №128», соблюдая правила и не поддаваясь панике; Поворот: примерно на 35-й секунде хоррор-нарратив сменяется стилизованной официальной «Инструкцией» с пошаговыми правилами безопасности; Финал: предупреждение, что последствия встречи могут продолжаться после спасения, затем пиктограммы безопасности и реплика «Всё для вашей безопасности. Желаю удачи»; Соседний эпизод: https://www.youtube.com/shorts/QgbXanw4Tu0",https://www.youtube.com/shorts/lMeqGhMQ5Oc\nhttps://www.youtube.com/@CinemaRuHub/shorts\nhttps://www.youtube.com/hashtag/%D0%B0%D0%BD%D0%BE%D0%BC%D0%B0%D0%BB%D0%B8%D0%B8/shorts\nhttps://www.youtube.com/shorts/QgbXanw4Tu0,"среднее — заголовок, канал, дата, просмотры и длительность подтверждены открытыми страницами YouTube/поисковой выдачей, а сюжет проверен анализом самого ролика; YouTube помечал воспроизведение как недоступное, поэтому метрики могли быть доступны только через индексированные публичные данные и округлены.",
https://www.youtube.com/shorts/lNosATF9ABY,"Канал: Татьяна Лызь (@lyzenok), URL канала: https://www.youtube.com/@lyzenok; Язык: ru; Заголовок: 23 июля 2026 г.; Дата: 2026-07-23; Просмотры: 1; Подписчики: 206; Длительность_с: не найдено; Тип: Shorts; Серийность: ролик входит в повторяющуюся публикационную серию с одинаковым названием «Трое из Простоквашино. Все серии 1-27 серии. Майнкрафт анимация»; в открытых результатах подтверждены публикации того же формата 18 июня, 3 июля, 11 июля, 14 июля и 24 июля 2026 года; повторяющиеся персонажи: не найдено; Подходит: да; Хук: не найдено — YouTube показывает Video unavailable; Конфликт: не найдено — содержание недоступно; Поворот: не найдено — содержание недоступно; Финал: не найдено — содержание недоступно; Соседний эпизод: https://www.youtube.com/shorts/qvq3KxGqGOM",https://www.youtube.com/shorts/lNosATF9ABY\nhttps://www.youtube.com/@lyzenok/shorts\nhttps://www.youtube.com/shorts/qvq3KxGqGOM\nhttps://www.youtube.com/shorts/74wdC7RyYAQ\nhttps://www.youtube.com/shorts/xvVEPZQTgH0\nhttps://www.youtube.com/shorts/ici3LXP6W8Y\nhttps://www.youtube.com/shorts/tgWhgDi9Ckw\nhttps://www.youtube.com/shorts/3SDn_5o4KyE\nhttps://www.youtube.com/shorts/VonnxHezrco,"среднее — заголовок, дата, просмотры, канал, подписчики и серийность подтверждены открытыми страницами YouTube, но сам ролик недоступен для просмотра, поэтому длительность и сюжетные элементы не подтверждены.",
https://www.youtube.com/shorts/oAUeHI5lmZs,"Канал: Komo4ikTV (@Komo4ik-667), URL канала: https://www.youtube.com/@Komo4ik-667/shorts; Язык: ru; Заголовок: Авторитет спас парня😎 #фильм #shorts #фильм #сериал; Дата: 2026-07-21; Просмотры: 12; Подписчики: 1; Длительность_с: 60; Тип: Shorts; Серийность: не подтверждена — на странице канала видны 3 видео, но у ролика нет номера части, указания на продолжение или иных явных признаков серии; Подходит: нет; Хук: мужчина в деловом костюме в машине просит остановиться у ларька, выходит и направляется к киоску; Конфликт: работник ларька сообщает, что ППС каждый вечер забирает почти всю прибыль, бесплатно ест и угрожает проблемами, из-за чего точка закрывается; Поворот: двое полицейских приходят за конвертом и едой, после чего «новый повар» — полковник Юрий Васильевич, их начальник — разоблачает их на месте; Финал: полковник говорит патрульным «Да вы кушайте, кушайте, упыри. Напоследок», а они пытаются оправдаться; Соседний эпизод: https://www.youtube.com/shorts/H7IkHVOX1Nk",https://www.youtube.com/shorts/oAUeHI5lmZs\nhttps://www.youtube.com/@Komo4ik-667/shorts\nhttps://www.youtube.com/shorts/H7IkHVOX1Nk\nhttps://www.youtube.com/watch?v=oAUeHI5lmZs,"среднее — заголовок, канал, URL канала, просмотры, подписчики и соседний ролик подтверждены открытыми страницами YouTube, дата найдена в открытой индексации, а длительность и сюжет извлечены мультимодальным анализом; исходная страница ролика при проверке показывала «Video unavailable».",
https://www.youtube.com/shorts/pn9rR8QxSG0,"Канал: Bad Vo1ce (@BadVo1ce), URL канала: https://www.youtube.com/@BadVo1ce; Язык: ru; Заголовок: Офисно-канцелярская диктатура / Смешные скетчи VLDL (юмор, приколы) #shorts; Дата: 2024-07-11; Просмотры: 3134998; Подписчики: 501000; Длительность_с: 60; Тип: Shorts; Серийность: вертикальный эпизод/адаптация в повторяющейся серии VLDL «Офис» (в описании YouTube указано, что это серия выпусков про будни сотрудников офиса; повторяется офисная вселенная/персонажи VLDL и оформление BadVo1ce); Подходит: да; Хук: мужчина в офисе перебирает бумаги и скрепляет документы степлером; Конфликт: у него заканчиваются скобы, и для получения новых он проходит очередь и абсурдную бюрократическую проверку расхода канцелярии; Поворот: после проверки ему одобряют выдачу, но выдают ровно одну скобу в маленьком пластиковом стаканчике; Финал: он возвращается к столу, заряжает единственную скобу и успешно скрепляет документ, после чего охранник снимает маску, обращается к зрителям и рекламирует Telegram-канал; Соседний эпизод: https://www.youtube.com/shorts/8yhLLgtt9rg",https://www.youtube.com/shorts/pn9rR8QxSG0\nhttps://www.youtube.com/watch?v=4IV4DIaymJs\nhttps://www.youtube.com/@BadVo1ce\nhttps://pikabu.ru/story/kantselyarskaya_diktatura_v_ofise__vldl_ofis_na_russkom_ozvuchka_bad_vo1ce_11589471\nhttps://rutube.ru/video/4d041db9da130681ab75eb5f9493b997/\nhttps://www.youtube.com/shorts/8yhLLgtt9rg,"высокое — заголовок, канал, дату, просмотры и длительность подтверждены прямой страницей/структурированными метаданными YouTube, серийность и сюжет сверены с описанием YouTube, независимыми открытыми страницами и анализом связанного видео.",
https://www.youtube.com/shorts/qvq3KxGqGOM,"Канал: Copper (@lyzenok; профиль канала отображается как «Татьяна Лызь»); Язык: ru; Заголовок: 24 июля 2026 г.; Дата: не найдено; Просмотры: не найдено; Подписчики: 206; Длительность_с: не найдено; Тип: Shorts; Серийность: В описании/подписи указано «Трое из Простоквашино. Все серии 1-27 серии. Майнкрафт анимация · @NAIZISHOW», что указывает на повторяемую франшизу/серию, но конкретный номер эпизода и связь именно этого Shorts с последовательностью не подтверждены; Подходит: неясно; Хук: не найдено — YouTube показывает Video unavailable; Конфликт: не найдено — ролик недоступен; Поворот: не найдено — ролик недоступен; Финал: не найдено — ролик недоступен; Соседний эпизод: не найдено",https://www.youtube.com/shorts/qvq3KxGqGOM\nhttps://www.youtube.com/@lyzenok\nhttps://www.youtube.com/watch?v=q8ILXIrxM54\nhttps://www.youtube.com/watch?v=541C5JZm0Rc,"среднее — прямой URL и профиль канала доступны, но сам Shorts помечен YouTube как Video unavailable, поэтому дата, просмотры, длительность и сюжетные элементы не подтверждаются; открытые результаты подтверждают связанный проект «Трое из Простоквашино», но не конкретный эпизод этого Shorts.",
https://www.youtube.com/shorts/rbnbZ2Y9tfs,"Канал: Yanopsy (@Yanopsy.23), URL канала: https://www.youtube.com/@Yanopsy.23; Язык: ru; Заголовок: 🤣СЕРИАЛЫ В РОССИИ😂#shorts #meme #humor #comedy #мем #юмор #прикол #угар #рекомендации; Дата: не найдено; Просмотры: не найдено; Подписчики: не найдено; Длительность_с: не найдено; Тип: Shorts; Серийность: повторяемый русскоязычный комедийный формат на канале с тем же визуальным исполнителем/персонажами; рядом опубликованы ролики с аналогичными хэштегами и оформлением, включая «🤔КТО ВЗЯЛ МОЙ СЛОВАРЬ?🤣» и «😳ОНИ ВЫЗВАЛИ 911!🤣»; Подходит: да; Хук: не найдено — ролик недоступен для воспроизведения на момент проверки; Конфликт: не найдено — ролик недоступен для воспроизведения на момент проверки; Поворот: не найдено — ролик недоступен для воспроизведения на момент проверки; Финал: не найдено — ролик недоступен для воспроизведения на момент проверки; Соседний эпизод: https://www.youtube.com/shorts/ty8MURPJvo4",https://www.youtube.com/shorts/rbnbZ2Y9tfs\nhttps://www.youtube.com/watch?v=rbnbZ2Y9tfs\nhttps://www.youtube.com/oembed?url=https://www.youtube.com/shorts/rbnbZ2Y9tfs&format=json\nhttps://www.youtube.com/@Yanopsy.23/shorts\nhttps://www.youtube.com/shorts/ty8MURPJvo4,"среднее — заголовок, канал, Shorts-тип и серийный контекст подтверждены прямыми страницами YouTube, но ролик отображался как недоступный, поэтому дата, точные просмотры, длительность и сюжетные поля не подтверждены.",
https://www.youtube.com/shorts/sPO3xbI1Ik4,"Канал: ANOMALY | Original Series (@AnomalyUFOSeries), URL канала: https://www.youtube.com/@AnomalyUFOSeries; Язык: en; Заголовок: ANOMALY | EP1 | USO (TEASER); Дата: 2026-02-03; Просмотры: 5712; Подписчики: не найдено; Длительность_с: 33; Тип: Shorts; Серийность: тизер первого эпизода повторяемой вертикальной мини-драмы/оригинальной серии ANOMALY; канал также содержит ANOMALY | EPISODE 2 [TEASER], повторяющиеся эпизодические обозначения и общий сериал; Подходит: да; Хук: титр «Inspired by documented events» («Вдохновлено задокументированными событиями»), рука с эскизом и резкая вспышка крупной цифры «4»; Конфликт: мужчина в футуристической гарнитуре рассказывает о наблюдении под водой — нечеловеческий объект двигался слишком быстро для подводной лодки, при этом океан исследован менее чем на 20%; Поворот: после появления девушки с доской для серфинга следуют хаотичные подводные кадры со светящимися синими объектами и её шокированное лицо, смотрящее вверх; Финал: ночной горизонт океана, титр «ANOMALY EPISODE 1», затем чёрный экран с надписью «Created by Matthew Thompson»; Соседний эпизод: https://www.youtube.com/shorts/VKicbO7p9yI",https://www.youtube.com/shorts/sPO3xbI1Ik4\nhttps://www.youtube.com/@AnomalyUFOSeries/shorts\nhttps://www.youtube.com/oembed?url=https://www.youtube.com/shorts/sPO3xbI1Ik4&format=json\nhttps://www.youtube.com/shorts/VKicbO7p9yI\nhttps://www.imdb.com/title/tt42357340/\nhttps://www.youtube.com/watch?v=Zs6UDYnmKZA,"среднее — заголовок, канал, дата, просмотры, длительность и серийность подтверждены прямой страницей/встроенными метаданными YouTube и страницей канала, но число подписчиков публично не обнаружено, а исходная Shorts-страница показывает «Video unavailable».",
https://www.youtube.com/shorts/swjoc9Uwrb8,"Канал: ТАВЕН КАВЕЙ (@TABEH_KAVEY_OFFICIAL67), URL канала: https://www.youtube.com/@TABEH_KAVEY_OFFICIAL67/shorts; Язык: ru; Заголовок: 15 февраля 2026 г.; Дата: 2026-02-15; Просмотры: не найдено; Подписчики: 253; Длительность_с: не найдено; Тип: Shorts; Серийность: в интерфейсе страницы ролика указан связанный заголовок «Глупый Парень, 10 Серия (Мем Майнкрафт Анимация) · @zzlatik»; серийность подтверждается независимой страницей «Глупый Парень 10 серия» и наличием соседних 9-й и 11-й серий, но принадлежность этого конкретного видео к оригинальной серии не полностью однозначна из-за недоступности ролика; Подходит: да; Хук: в первые 1–3 секунды показывается открытие наград в мобильной игре с меняющимися обозначениями редкости, поверх — статичный стикер с персонажем; Конфликт: случайное выпадение наград разной редкости в игровом интерфейсе; в аудиодорожке — пожар, запертый на крыше кот и риск спасателя задохнуться в дыму; Поворот: спасённый кот начинает говорить человеческим голосом и оказывается волшебным котом Мурлаем; Финал: волшебный кот обещает исполнить три желания, а визуальный ряд заканчивается игровым экраном с начислением очков персонажу ДЖИН; Соседний эпизод: https://www.youtube.com/shorts/whMBiCl3i0E",https://www.youtube.com/shorts/swjoc9Uwrb8\nhttps://www.youtube.com/@TABEH_KAVEY_OFFICIAL67/shorts\nhttps://www.youtube.com/shorts/whMBiCl3i0E\nhttps://www.youtube.com/shorts/cS4AlzHP7uc\nhttps://krutoi-papa.fandom.com/ru/wiki/%D0%93%D0%BB%D1%83%D0%BF%D1%8B%D0%B9_%D0%9F%D0%B0%D1%80%D0%B5%D0%BD%D1%8C_10_%D1%81%D0%B5%D1%80%D0%B8%D1%8F\nhttps://socialcounts.org/youtube-video-live-view-count/n5rC7rKwWsg,"среднее — заголовок страницы, дата, канал, подписчики, тип Shorts и сюжет подтверждены открытой страницей/анализом, но YouTube показывает Video unavailable и поэтому просмотры и длительность конкретного ID публично не подтверждены.",
https://www.youtube.com/shorts/ujen4rXKdeo,"Канал: Batyrkhan Manarbek (@BatyrkhanManarbek), URL канала: https://www.youtube.com/@BatyrkhanManarbek; Язык: ru; Заголовок: 😈 ЧТО-ТО СТУЧИТ В ВАШУ ДВЕРЬ! ВЕРИТИ МАЙНКРАФТ 1 СЕРИЯ ОН ЖИВОЙ 😵‍💫 РЕАКЦИЯ МОД АНИМАЦИЯ VERITY · @OfficialZelel; Дата: 2026-08-11; Просмотры: 12; Подписчики: 39; Длительность_с: 15; Тип: Shorts; Серийность: в заголовке прямо указано «1 серия»; повторяющийся персонаж/объект — Verity, но наличие других эпизодов именно на этом канале не подтверждено; Подходит: да; Хук: не найдено — ролик на момент проверки недоступен для просмотра, поэтому первые 1–3 секунды нельзя подтвердить; Конфликт: не найдено — доступен только заголовок, видеоряд недоступен; Поворот: не найдено; Финал: не найдено; Соседний эпизод: https://www.youtube.com/watch?v=dqONP3fOVL8",https://www.youtube.com/shorts/ujen4rXKdeo\nhttps://www.youtube.com/watch?v=ujen4rXKdeo\nhttps://www.youtube.com/oembed?url=https://www.youtube.com/shorts/ujen4rXKdeo&format=json\nhttps://www.youtube.com/@BatyrkhanManarbek/about\nhttps://www.youtube.com/watch?v=dqONP3fOVL8,"высокое — заголовок, дата, просмотры, длительность, статус Shorts и подписчики подтверждены прямыми страницами YouTube/oEmbed, но сюжетные поля пропущены из-за публичного статуса «Video unavailable».",
https://www.youtube.com/shorts/un7BhngeRjA,"Канал: Igor Davydov Animations (URL канала: https://www.youtube.com/@igordavydovanimations); Язык: en; Заголовок: Escape From Lava Rises (Part 2) - Minecraft Animation #Shorts; Дата: 2026-04-20; Просмотры: не найдено; Подписчики: не найдено; Длительность_с: 62; Тип: Shorts; Серийность: Part 2; в финале указано \""TO BE CONTINUED...\"" и \""SUBSCRIBE TO PART 3\""; повторяющийся центральный персонаж — один житель Minecraft в зелёной одежде; Подходит: да; Хук: в первые 1–3 секунды житель Minecraft падает вниз по шахте из коричневых блоков; Конфликт: персонаж бежит по узкой извилистой дорожке над большим бассейном лавы; Поворот: блок-ловушка с изображением лица выпускает стрелу в персонажа; Финал: стрела попадает в персонажа, он падает с дорожки в лаву, после чего появляется чёрный экран с текстом о продолжении; Соседний эпизод: https://www.youtube.com/shorts/DC6covUFCmk",https://www.youtube.com/shorts/un7BhngeRjA\nhttps://www.youtube.com/@igordavydovanimations\nhttps://www.youtube.com/shorts/DC6covUFCmk,"среднее — заголовок, дата, канал, длительность, серийность, сюжет и соседний эпизод подтверждены прямой страницей/страницей канала и анализом самого ролика, но точные текущие просмотры и точное число подписчиков публично не отображались; YouTube показывал ролик как Video unavailable.",
https://www.youtube.com/shorts/vS37cb6IToI,"Канал: The Land Of Boggs (@TheLandofBoggs), URL канала: https://www.youtube.com/@TheLandofBoggs; Язык: en; Заголовок: My Bestie Loves The Beach...; Дата: 2026-07-27; Просмотры: не найдено; Подписчики: не найдено; Длительность_с: 21; Тип: Shorts; Серийность: повторяемый анимационный сериал с постоянными персонажами Boggo и Boe; Подходит: да; Хук: оранжевый персонаж в шляпе и солнцезащитных очках радостно говорит/показывает «I LOVE THE BEACH!», пока синий персонаж тащит гору пляжных вещей и почти сразу падает; Конфликт: беззаботный герой наслаждается пляжем, тогда как синий герой страдает от тяжёлого инвентаря, воды и солнечного ожога, оставаясь без помощи; Поворот: попытка «помочь» солнечным маслом приводит к тому, что обгоревший синий персонаж вспыхивает; Финал: синий персонаж сгорает, остаётся кучка пепла, которую сдувает ветер, а оранжевый персонаж спокойно продолжает лежать и смотреть; Соседний эпизод: https://www.youtube.com/watch?v=v04Tj5qfKMI",https://www.youtube.com/shorts/vS37cb6IToI\nhttps://m.youtube.com/shorts/vS37cb6IToI\nhttps://www.youtube.com/@TheLandofBoggs/about\nhttps://www.youtube.com/playlist?list=UUz5osAvTYFKjb6Kjcep6vXA\nhttps://www.facebook.com/thelandofboggs/videos/my-bestie-loves-the-beach/1593813475697874/\nhttps://www.instagram.com/reel/DbTj5zpEaeG/,"среднее — заголовок, канал, дата, длительность, серийность и сюжет подтверждены открытыми страницами и анализом ролика, но точные текущие просмотры и подписчики публично отображались только в округлённом виде либо были недоступны.",
https://www.youtube.com/shorts/vo5nIvdGyC8,"Канал: Владислав по играм (@Владислав_по_играм1), URL канала: https://www.youtube.com/@%D0%92%D0%BB%D0%B0%D0%B4%D0%B8%D1%81%D0%BB%D0%B0%D0%B2_%D0%BF%D0%BE_%D0%B8%D0%B3%D1%80%D0%B0%D0%BC1; Язык: ru; Заголовок: Сериал: Аномалия. 2 серия; Дата: 2026-07-21; Просмотры: не найдено; Подписчики: не найдено; Длительность_с: 68; Тип: Shorts; Серийность: серийный ролик, явно обозначен как 2 серия; на странице канала также публично отображаются серии 1, 3, 4 и 5 (финал), повторяемость персонажей не подтверждена; Подходит: да; Хук: не найдено; Конфликт: не найдено; Поворот: не найдено; Финал: не найдено; Соседний эпизод: не найдено",https://www.youtube.com/shorts/vo5nIvdGyC8\nhttps://www.youtube.com/watch?v=vo5nIvdGyC8\nhttps://www.youtube.com/@%D0%92%D0%BB%D0%B0%D0%B4%D0%B8%D1%81%D0%BB%D0%B0%D0%B2_%D0%BF%D0%BE_%D0%B8%D0%B3%D1%80%D0%B0%D0%BC1/shorts,"среднее — заголовок, канал, язык, дату, длительность и серийность подтвердить удалось, но YouTube помечает ролик как недоступный, поэтому точные текущие просмотры, точное число подписчиков, сюжетные элементы и URL соседнего эпизода не подтверждены.",
https://www.youtube.com/shorts/w5SkZPqoZdk,"Канал: Lavashek (@Kripix_Vibe), URL канала: https://www.youtube.com/@Kripix_Vibe/shorts; Язык: ru; Заголовок: Anomalies with Batok / Part 8 #anomalies #batok #funnyvideo #anomaly; Дата: не найдено; Просмотры: не найдено; Подписчики: не найдено; Длительность_с: не найдено; Тип: Shorts; Серийность: серийный повторяемый формат «Anomalies with Batok», часть 8; в поиске YouTube подтверждена соседняя часть 7 с тем же названием серии и каналом; Подходит: да; Хук: ночная остановка, к которой подъезжает старый белый автобус с непрозрачными чёрными окнами; закадровая фраза предупреждает о такой ситуации; Конфликт: пассажиру нужно выжить в аномальном автобусе и соблюдать правила поездки, включая взаимодействие с пугающими пассажирами и водителем; Поворот: правило 4 сообщает, что после опустевшего автобуса ожидание может занять 3–10 часов, а двери могут не открыться; Финал: на фразе «Если этого не произошло» хоррор-сцена обрывается комедийной вставкой, где мужчина выбивает ногой деревянную дверь; Соседний эпизод: https://www.youtube.com/shorts/DcIraZBm0bE",https://www.youtube.com/shorts/w5SkZPqoZdk\nhttps://www.youtube.com/@Kripix_Vibe/shorts\nhttps://www.youtube.com/results?search_query=Kripix_Vibe+%D0%90%D0%BD%D0%BE%D0%BC%D0%B0%D0%BB%D0%B8%D0%B8+%D1%81+%D0%91%D0%B0%D1%82%D1%8C%D0%BA%D0%BE%D0%BC+%D1%87%D0%B0%D1%81%D1%82%D1%8C\nhttps://www.youtube.com/shorts/DcIraZBm0bE,"среднее — заголовок, канал, тип Shorts, язык, серийность, соседний эпизод и сюжет подтверждены открытой страницей/поиском YouTube и анализом доступного видео, но точные дата, просмотры, подписчики и длительность публично не извлечены.",
https://www.youtube.com/shorts/wVYnXXwQ4hY,"Канал: The Land Of Boggs (@TheLandofBoggs), URL канала: https://www.youtube.com/@TheLandofBoggs; Язык: en; Заголовок: I'm the Only One Allowed to Make Fun of My Brother; Дата: не найдено; Просмотры: не найдено; Подписчики: не найдено; Длительность_с: 13; Тип: Shorts; Серийность: да — канал прямо описывает себя как animated series; повторяющиеся персонажи: старшая сестра и младший брат, а также узнаваемый персонажный состав The Land of Boggs; Подходит: да; Хук: у школы старшая сестра грубо дразнит младшего брата, затем к насмешкам присоединяются другие ученики; Конфликт: сестра вступается за брата и расправляется с хулиганами, заявляя, что никто не смеется над ним; Поворот: она уточняет «кроме меня» и превращает саму расправу в гиперболизированную комедийную атаку; Финал: после благодарности брата сестра внезапно швыряет его за рюкзак к солнцу и называет неудачником; Соседний эпизод: https://www.youtube.com/shorts/kKQgjBg6ff8",https://www.youtube.com/shorts/wVYnXXwQ4hY\nhttps://www.youtube.com/watch?v=wVYnXXwQ4hY\nhttps://www.youtube.com/@TheLandofBoggs\nhttps://www.youtube.com/@TheLandofBoggs/shorts\nhttps://www.facebook.com/thelandofboggs/videos/im-the-only-one-allowed-to-make-fun-of-my-brother/1331543918964094/\nhttps://www.instagram.com/reel/DcEKdGEFjjr/\nhttps://www.tiktok.com/@thelandofboggs/video/7674288692151749902,"среднее — заголовок, канал, тип, серийность, соседний эпизод и сюжет подтверждены открытыми страницами и анализом самого ролика, но точные дата, текущее число просмотров и точное число подписчиков публично не подтверждены: страницы показывают только относительную дату и конфликтующие сокращённые значения.",
https://www.youtube.com/shorts/xTQ-bSv2zRc,"Канал: Alex (@alexshortmc), URL канала: https://www.youtube.com/@alexshortmc; Язык: en; Заголовок: Alex and Steve adventure✨ - Part 2 - Minecraft animation #minecraftanimation; Дата: не найдено; Просмотры: не найдено (страница показывает округлённое публичное отображение 132K, точное число не подтверждено); Подписчики: не найдено (страница канала показывает округлённое публичное отображение 31.2K, точное число не подтверждено); Длительность_с: не найдено; Тип: Shorts; Серийность: серийный Minecraft-анимационный ролик, явно обозначен как Part 2; в финале присутствует надпись «Part 3?»; повторяющиеся персонажи/образы: Steve, Alex, Zombie, Iron Golem; Подходит: да; Хук: ночная деревня Minecraft, зомби идёт к освещённому дому и появляется в дверном проёме; Конфликт: зомби вторгается в дом, а Steve и Alex прячутся на узкой полке под потолком; Поворот: Iron Golem хватает зомби, вытаскивает его наружу и выбрасывает; Финал: Steve и Alex спускаются, кровать магически возвращается, Steve падает на неё и засыпает; на экране появляется «Part 3?»; Соседний эпизод: https://www.youtube.com/shorts/VoKAeBdRF_M",https://www.youtube.com/shorts/xTQ-bSv2zRc\nhttps://www.youtube.com/@alexshortmc\nhttps://www.youtube.com/shorts/VoKAeBdRF_M\nhttps://www.youtube.com/shorts/PLYTYy-gq8A,"среднее — заголовок, канал, тип Shorts, серийность, соседние эпизоды и сюжет подтверждены прямой страницей/анализом ролика, но YouTube публично показывает только округлённые просмотры и подписчиков, а точные дата и длительность не извлечены.",
https://www.youtube.com/shorts/x_IGFhPo2GA,"Канал: IRAYBS FILMS (@iraybsfilms), URL канала: https://www.youtube.com/@iraybsfilms; Язык: en; Заголовок: DEMONS UNLEASHED IN MY HOUSE PART 3 #shorts; Дата: не найдено; Просмотры: 90; Подписчики: 435; Длительность_с: не найдено; Тип: Shorts; Серийность: да — прямо обозначена как PART 3; соседние части на канале: THE FIRST HAUNT PART 2 и EVIL UNLEASHED - PART 1; Подходит: да; Хук: заставка «START OF PART 3. MY WHOLE HOUSE IS HAUNTED» с жуткой улыбающейся фигурой у окровавленной двери, затем мужчина в темноте читает испачканную красным записку; Конфликт: мужчина сталкивается с пугающими сверхъестественными явлениями в доме — скримером и самопроизвольно движущимися предметами; Поворот: лёжа на полу, он резко открывает глаза и смотрит вверх с ужасом; Финал: над ним на потолке появляется окровавленная сущность, висящая вверх ногами, после чего следует заставка «END OF PART 3. MY WHOLE HOUSE IS HAUNTED»; Соседний эпизод: https://www.youtube.com/shorts/XmlbvjYYhS8",https://www.youtube.com/shorts/x_IGFhPo2GA\nhttps://www.youtube.com/@iraybsfilms/shorts\nhttps://www.youtube.com/shorts/XmlbvjYYhS8\nhttps://www.youtube.com/shorts/qZ8eeLuacPE\nhttps://www.youtube.com/oembed?url=https://www.youtube.com/shorts/x_IGFhPo2GA&format=json,"среднее — заголовок, канал, URL канала, текущие просмотры, подписчики, формат Shorts, серийность и сюжет подтверждены открытой страницей/каналом и анализом доступного видео, но YouTube пометил ролик как недоступный в плеере, поэтому дата и длительность публично не подтверждены.",
https://www.youtube.com/watch?v=-EfPwPNCNZo,"Канал: Cat Dog Diary (URL канала: https://www.youtube.com/@CatDogDiary-6868); Язык: en; Заголовок: My Rescue Puppy Met Both Terrified Kittens Together for the First Time... Would They Get Along?; Дата: 2026-08-15; Просмотры: 125962; Подписчики: 29500; Длительность_с: 290; Тип: другое; Серийность: да — повторяемый формат Cat Dog Diary о знакомстве/сближении спасённого щенка и напуганных котят; канал на момент проверки показывал около 383 видео и повторяющихся животных-персонажей; Подходит: да; Хук: 00:00–00:03 щенок резко запрыгивает в лежанку к двум котятам и сразу провоцирует активную возню; Конфликт: щенок и два котёнка сначала взаимодействуют через шумную игру, беготню и борьбу, при этом заявленная интрига — смогут ли они поладить; Поворот: примерно 01:48–03:26 активность спадает, животные устают, щенок ложится рядом с серым котёнком, а котёнок засыпает с игрушкой-рыбкой; Финал: примерно 03:27–04:51 все трое по очереди укладываются рядом и мирно засыпают вместе; Соседний эпизод: https://www.youtube.com/watch?v=EjeIZGizXp8",https://www.youtube.com/watch?v=-EfPwPNCNZo\nhttps://www.youtube.com/oembed?url=https://www.youtube.com/watch?v=-EfPwPNCNZo&format=json\nhttps://www.youtube.com/@CatDogDiary-6868\nhttps://www.youtube.com/watch?v=EjeIZGizXp8\nhttps://www.youtube.com/watch?v=jRmmxfFGpvE,"высокое — заголовок, канал, URL канала, дата, просмотры, подписчики, длительность и описание подтверждены открытой страницей YouTube/oEmbed и поисковой выдачей, а сюжетные поля дополнительно проверены покадровым анализом; прямой просмотр страницы был ограничен антибот-страницей, поэтому подписчики и просмотры зафиксированы как публичный срез на момент проверки.",
https://www.youtube.com/watch?v=-SebhPBG8dg,"Канал: Утопия мини-дорам; Язык: ru; Заголовок: Ради 200 тыс. она стала женой почти незнакомца. Через год — развод. Поздно… они уже влюблены!; Дата: не найдено; Просмотры: не найдено; Подписчики: не найдено; Длительность_с: не найдено; Тип: вертикальный эпизод; Серийность: в описании страницы указано «Утопия мини-дорам» и название китайской мини-дорамы «厉少那个酒后狂徒是您夫人»; подтверждённого номера серии/части и повторяющихся персонажей по открытым данным не найдено; Подходит: да; Хук: по заголовку — героиня выходит замуж за почти незнакомого мужчину ради 200 тыс.; визуальные первые 1–3 секунды не подтверждены, так как прямой видеопоток не был доступен для анализа; Конфликт: по заголовку — вынужденный/расчётный брак и последующий развод при возникших чувствах; Поворот: через год супруги должны развестись, но уже влюблены; Финал: не найдено; Соседний эпизод: не найдено",https://www.youtube.com/watch?v=-SebhPBG8dg\nhttps://www.youtube.com/oembed?url=https://www.youtube.com/watch?v=-SebhPBG8dg&format=json\nhttps://music.youtube.com/podcast/-SebhPBG8dg\nhttps://www.youtube.com/watch?v=2QzznWxhavc\nhttps://www.tiktok.com/discover/%D0%A0%D0%B0%D0%B4%D0%B8-200000-%D0%9E%D0%BD%D0%B0-%D0%A1%D1%82%D0%B0%D0%BB%D0%B0-%D0%96%D0%B5%D0%BD%D0%BE%D0%B9-%D0%9D%D0%B5%D0%B7%D0%BD%D0%B0%D0%BA%D0%BE%D0%BC%D1%86%D0%B0-%D0%A7%D0%B5%D1%80%D0%B5%D0%B7-%D0%93%D0%BE%D0%B4-%D0%A0%D0%B0%D0%B7%D0%B2%D0%BE%D0%B4-%D0%9D%D0%BE-%D0%9F%D0%BE%D0%B7%D0%B4%D0%BD%D0%BE-%D0%9E%D0%BD%D0%B8-%D0%A3%D0%B6%D0%B5-%D0%В2%D0%BB%D1%8E%D0%B1%D0%BB%D0%B5%D0%BD%D1%8B-%D0%9C%D0%B8%D0%BD%D0%B8-%D0%94%D0%BE%D1%80%D0%B0%D0%BC%D1%8B,"среднее — заголовок, канал и URL канала подтверждены прямой страницей и YouTube oEmbed, но дата, просмотры, подписчики, длительность, финал, точная серийность и соседний эпизод публично не подтвердились из-за ограничений доступа к YouTube.",
https://www.youtube.com/watch?v=0YoJjbWUUPU,"Канал: Matthew Raymond Extra and Matthew Raymond (URL канала: https://www.youtube.com/channel/UCq4F5g76v_gU3ALL8ORXxEA); Язык: en; Заголовок: Insane Cartoon Family 😂 (April 2026); Дата: не найдено; Просмотры: не найдено; Подписчики: не найдено; Длительность_с: 769; Тип: вертикальный эпизод; Серийность: компиляция из множества коротких комедийных скетчей с повторяющимися персонажами Matthew, Tyrone, Marjorie, Leonard и Jada; входит в повторяемую линейку Matthew Raymond Extra, рядом опубликованы FUNNIEST Shorts of March 2026 и Best of February 2026; Подходит: да; Хук: на кухне анимированный персонаж в жуткой маске и галстуке заявляет, что нарядился и готов идти, а реальный мужчина Matthew недоумённо спрашивает, зачем он это надел; Конфликт: сквозного сюжета нет — в отдельных скетчах Matthew сталкивается с абсурдным и физически невозможным поведением анимационных персонажей в бытовых ситуациях; Поворот: единого поворота нет, в отдельных скетчах комический поворот строится на внезапной визуальной гиперболизации и абсурде; Финал: персонаж жалуется, что чай слишком горячий, после совета Matthew подуть на него выдувает чай ему в лицо и на зелёную футболку; затем чёрный экран с логотипом MATTHEW RAYMOND и кнопкой Subscribe; Соседний эпизод: https://www.youtube.com/watch?v=3ZIjJfw3qOQ",https://www.youtube.com/watch?v=0YoJjbWUUPU\nhttps://www.youtube.com/channel/UCq4F5g76v_gU3ALL8ORXxEA/videos\nhttps://www.youtube.com/c/matthewraymondextra\nhttps://www.youtube.com/watch?v=3ZIjJfw3qOQ\nhttps://www.youtube.com/watch?v=6_aQmxV6c3I,"высокое — заголовок, канал, длительность, формат, повторяющиеся персонажи, серийный контекст и сюжетные элементы подтверждены прямой страницей, страницей канала и анализом самого видео; точная дата, точное число просмотров и точное число подписчиков публично не раскрыты в доступных источниках, поэтому отмечены как не найдено.",
https://www.youtube.com/watch?v=32H_BGjixSw,"Канал: AI Fun Cartoons; Язык: en; Заголовок: “Talking Objects Universe: Broke Wallet 💸 vs Savage Alarm Clock ⏰😂”#aifuncartoons #fyp viral; Дата: не найдено; Просмотры: не найдено; Подписчики: не найдено; Длительность_с: не найдено; Тип: другое; Серийность: да — ролик относится к серии Talking Objects Universe; в финале звучит анонс следующего эпизода о зеркале, а среди повторяющихся антропоморфных персонажей присутствуют кошелёк, монета, смартфон, будильник, подушка и одеяло; Подходит: да; Хук: в первые 1–3 секунды на столе сидит плачущий антропоморфный коричневый кошелёк, рядом видны мальчик, золотая монета и смартфон; закадровый голос сообщает: “Today the wallet has had enough”; Конфликт: первая часть — пустой расстроенный кошелёк против смартфона и провоцируемых им покупок/доставки, из-за которых мальчик тратит оставшуюся монету; вторая часть — агрессивный будильник против спящего мальчика, подушки и одеяла; Поворот: не найдено — ролик состоит из двух комичных скетчей без подтверждённого резкого сюжетного твиста; Финал: мальчик лежит в кровати под ожившим красным одеялом, рядом испуганная подушка, будильник указывает на мальчика; закадровый голос анонсирует следующую серию о зеркале и призывает ложиться спать вовремя; Соседний эпизод: https://www.youtube.com/watch?v=ntva7eQ5I0w",https://www.youtube.com/watch?v=32H_BGjixSw\nhttps://www.youtube.com/oembed?url=https://www.youtube.com/watch?v=32H_BGjixSw&format=json\nhttps://m.youtube.com/@AIFunCartoons-i4n/videos?view=0&sort=dd&shelf_id=2\nhttps://www.youtube.com/watch?v=ntva7eQ5I0w\nhttps://www.youtube.com/watch?v=6SL5gsfPEMY\nhttps://www.youtube.com/watch?v=eNogxi2tj8Y,"среднее — заголовок, канал, URL канала, язык, серийность и сюжет подтверждены прямым oEmbed/канальным поиском и анализом видеоряда, но YouTube заблокировал страницу антибот-проверкой, поэтому дата, текущие просмотры, подписчики и точная длительность не подтверждены.",
https://www.youtube.com/watch?v=3IU-aRnBxOU,"Канал: Kinigra Deon; Язык: en; Заголовок: POOR BOY She LOVED Came Back RICH | Country Love Ep. 4; Дата: 2026-08-02; Просмотры: не найдено; Подписчики: не найдено; Длительность_с: не найдено; Тип: другое; Серийность: серийный ролик, Country Love, эпизод 4; Подходит: да; Хук: не найдено; Конфликт: не найдено; Поворот: не найдено; Финал: не найдено; Соседний эпизод: https://www.youtube.com/watch?v=8rSqLF9WOuE",https://www.youtube.com/watch?v=3IU-aRnBxOU\nhttps://www.youtube.com/oembed?url=https://www.youtube.com/watch?v=3IU-aRnBxOU&format=json\nhttps://www.youtube.com/@KinigraDeon/videos\nhttps://www.youtube.com/watch?v=8rSqLF9WOuE\nhttps://www.youtube.com/channel/UC9HvSOvNpFpjydzDkAQJCNw,"среднее — заголовок, канал, URL канала, язык, дата и серийность подтверждены открытыми страницами и oEmbed, но YouTube ограничил прямой просмотр, поэтому текущие метрики, длительность и сюжетные детали не подтверждены.",
https://www.youtube.com/watch?v=3ZIjJfw3qOQ,"Канал: Matthew Raymond Extra and Matthew Raymond; Язык: en; Заголовок: FUNNIEST Shorts of March 2026 😂; Дата: 2026-04-21; Просмотры: 19000; Подписчики: не найдено; Длительность_с: 784; Тип: другое; Серийность: Компиляция независимых комедийных скетчей с повторяющимися персонажами и брендингом Matthew Raymond; подтверждённые персонажи включают Тайрона, Марджори, Бабушку, Офицера Ленарда и других; соседние месячные сборники присутствуют на том же канале; Подходит: да; Хук: В первые 1–3 секунды Тайрон в красной футболке сидит за школьной партой, жалуется на скучный урок и предлагает отпустить всех домой; появляется CTA Like; Конфликт: Единого конфликта у ролика-компиляции нет; отдельные скетчи содержат самостоятельные комедийные конфликты, но без единой сюжетной линии; Поворот: не найдено для единого ролика-компиляции; Финал: В последнем скетче Тайрон жалуется на облысение и принимает за парик мёртвое животное, вцепившееся ему в макушку; около 12:58 появляется чёрный экран с логотипом MATTHEW RAYMOND и CTA Subscribe; Соседний эпизод: https://www.youtube.com/watch?v=6_aQmxV6c3I",https://www.youtube.com/watch?v=3ZIjJfw3qOQ\nhttps://www.youtube.com/c/MatthewRaymondExtra/videos\nhttps://www.youtube.com/watch?v=6_aQmxV6c3I\nhttps://www.youtube.com/watch?v=hn5ouVUKYkI\nhttps://www.youtube.com/watch?v=dEzm0eP3Itk,"среднее — заголовок, канал, дата, просмотры и длительность подтверждены открытой страницей/поиском и анализом видео, но число подписчиков публично не отобразилось из-за ограничения YouTube, а сюжетные поля относятся к компиляции независимых скетчей.",
https://www.youtube.com/watch?v=3ocjNDWp0tA,"Канал: Cat Dog Diary (URL канала: https://www.youtube.com/@CatDogDiary-6868); Язык: другой; Заголовок: My Rescue Puppy Finally Taught This Terrified Kitten to Sleep Beside Him; Дата: 2026-08-20; Просмотры: не найдено; Подписчики: не найдено; Длительность_с: 182; Тип: другое; Серийность: повторяемая серия о спасённых котятах и щенке; в ролике повторяются рыжий котёнок и коричневый щенок таксы, а соседние видео канала используют тех же персонажей/тему; Подходит: да; Хук: в первые 1–3 секунды рыжий с белым котёнок лежит на спящем коричневом щенке таксы и вылизывает ему голову; Конфликт: примерно с 0:16 котёнок остаётся один в лежанке, затем щенок подходит и около 0:21 начинается игровая драка с покусыванием и борьбой; Поворот: около 1:41 борьба сменяется вылизыванием, к 2:03 щенок засыпает; Финал: после возврата к сцене, похожей на начало, оба животных мирно спят, голова котёнка лежит на голове щенка с 2:41 до конца; Соседний эпизод: https://www.youtube.com/watch?v=wNDDoOrs-9Y",https://www.youtube.com/watch?v=3ocjNDWp0tA\nhttps://www.youtube.com/@CatDogDiary-6868/videos\nhttps://www.youtube.com/@CatDogDiary-6868\nhttps://www.youtube.com/watch?v=wNDDoOrs-9Y\nhttps://www.youtube.com/oembed?url=https://www.youtube.com/watch?v=3ocjNDWp0tA&format=json,"среднее — заголовок, канал, дата, длительность, серийность и сюжет подтверждены страницей канала, oEmbed и анализом самого ролика, но точные текущие просмотры и подписчики публично отображались только округлённо и поэтому помечены как не найдено.",
https://www.youtube.com/watch?v=4Ila9J5nl-M,"Канал: Cat Dog Diary; Язык: en; Заголовок: My Rescue Puppy's First Meeting With a Terrified Rescue Kitten... Would She Ever Trust Him?; Дата: не найдено; Просмотры: 14000; Подписчики: 29300; Длительность_с: 301; Тип: другое; Серийность: да — канал публикует повторяющиеся истории о взаимодействии одних и тех же/схожих персонажей: спасённый щенок и испуганные котята; Подходит: да; Хук: в первые 1–3 секунды испуганный серо-белый котёнок лежит на лежанке, шипит и делает агрессивный выпад лапой к подошедшему щенку; Конфликт: щенок пытается приблизиться и подружиться, а котёнок защищает лежанку и личные границы, шипит, бьёт лапой и кусает щенка; Поворот: ближе к 04:10 щенок ложится рядом спиной к котёнку, после чего котёнок перестаёт нападать, обнюхивает его и принимает близость; Финал: котёнок спокойно уходит, а щенок остаётся на лежанке и мирно засыпает; Соседний эпизод: https://www.youtube.com/watch?v=3ocjNDWp0tA",https://www.youtube.com/watch?v=4Ila9J5nl-M\nhttps://www.youtube.com/@CatDogDiary-6868\nhttps://www.youtube.com/@CatDogDiary-6868/videos\nhttps://www.youtube.com/watch?v=3ocjNDWp0tA\nhttps://www.youtube.com/oembed?url=https://www.youtube.com/watch?v=4Ila9J5nl-M&format=json\nhttps://noembed.com/embed?url=https://www.youtube.com/watch?v=4Ila9J5nl-M,"среднее — заголовок, канал, URL канала, публичные счётчики из открытой выдачи и длительность подтверждены, но YouTube заблокировал прямое автоматическое чтение страницы, поэтому точная дата и некоторые текущие метрики не доступны.",
https://www.youtube.com/watch?v=5bOibDTTGA0,"Канал: Розовые Сопли; Язык: en; Заголовок: The bride cheated on the groom, and he gave her SURPRISE; Дата: не найдено; Просмотры: не найдено; Подписчики: не найдено; Длительность_с: не найдено; Тип: другое; Серийность: Канал серийно публикует повторяемые короткие драматические сюжеты об изменах; у проверенного ролика отдельный номер части или повторяющиеся персонажи не подтверждены; Подходит: да; Хук: не найдено; Конфликт: По публичному описанию жених узнаёт об измене невесты/жены и решает устроить сюрприз на свадьбе; первые 1–3 секунды отдельно не подтверждены; Поворот: не найдено; Финал: В описании указано, что приглашённые гости были очень удивлены, но точная финальная сцена не подтверждена; Соседний эпизод: https://www.youtube.com/watch?v=jFW4lWCx9gQ",https://www.youtube.com/watch?v=5bOibDTTGA0\nhttps://www.youtube.com/@rozoviye_sopli\nhttps://www.youtube.com/watch?v=jFW4lWCx9gQ,"среднее — заголовок, канал, язык, сюжетное описание, повторяемость тематики и соседний ролик подтверждены открытыми страницами YouTube, но страница ролика показывала округлённые просмотры/подписчиков и относительную дату, а точные дата публикации, длительность и покадровые элементы сюжета публично не подтвердились.",
https://www.youtube.com/watch?v=6SL5gsfPEMY,"Канал: AI Fun Cartoons (URL канала: https://www.youtube.com/@AIFunCartoons-i4n); Язык: en; Заголовок: “Talking Objects Universe: The Alarm Clock Attack & The Angry Water Bottle 😂🎭”; Дата: не найдено; Просмотры: не найдено; Подписчики: 118; Длительность_с: 193; Тип: другое; Серийность: серийный повторяемый формат Talking Objects Universe, в финале прямо произносится “Episode 7”, повторяются антропоморфные предметы (красный будильник, синяя бутылка, зелёный рюкзак и другие); Подходит: да; Хук: спящий мальчик, яростно звонящий красный будильник и закадровая фраза “Last night he ignored the alarm, but today the alarm fights back”; Конфликт: будильник применяет всё более агрессивные способы разбудить мальчика, затем антропоморфная бутылка требует, чтобы мальчик пил воду, а он игнорирует их; Поворот: мальчик берёт бутылку, но вместо того чтобы пить, сжимает её и выливает воду себе на голову, чем приводит бутылку в ужас; Финал: мальчик сидит виновато, плачущая бутылка говорит “Episode 7, I'm reporting him to Mother Nature!”, после чего появляется анонс следующего эпизода про месть вентилятора; Соседний эпизод: https://www.youtube.com/watch?v=jMpYIMbcVgQ",https://www.youtube.com/watch?v=6SL5gsfPEMY\nhttps://www.youtube.com/oembed?url=https://www.youtube.com/watch?v=6SL5gsfPEMY&format=json\nhttps://www.youtube.com/@AIFunCartoons-i4n\nhttps://m.youtube.com/@AIFunCartoons-i4n/videos?view=0&sort=dd&shelf_id=2\nhttps://www.youtube.com/watch?v=jMpYIMbcVgQ,"среднее — заголовок, канал, URL канала, серийность, сюжет и длительность подтверждены прямыми/oEmbed-данными и анализом видео, но страница YouTube блокировала автоматический доступ к текущим просмотрам и дате публикации; число подписчиков 118 взято из открытой индексируемой страницы канала.",
https://www.youtube.com/watch?v=6snspcdcch8,Канал: AI Fun Cartoons (@AIFunCartoons-i4n; URL канала: https://www.youtube.com/@AIFunCartoons-i4n); Язык: en; Заголовок: The Lonely Puppy and the Lost Robot 🤖🐶 | AI Fun Cartoons Episode 1; Дата: 2025-10-28; Просмотры: 16; Подписчики: 118; Длительность_с: 648; Тип: другое; Серийность: Episode 1; серийная AI-анимация с повторяющимися персонажами Max — щенок и R2 — робот; на странице канала подтверждён соседний Episode 2; Подходит: да; Хук: не найдено; Конфликт: не найдено; Поворот: не найдено; Финал: не найдено; Соседний эпизод: https://www.youtube.com/watch?v=FJ0Ca98owYs,https://www.youtube.com/watch?v=6snspcdcch8\nhttps://m.youtube.com/@AIFunCartoons-i4n/videos?view=0&sort=dd&shelf_id=2\nhttps://www.youtube.com/watch?v=FJ0Ca98owYs\nhttps://www.youtube.com/shorts/xisNQUatzlA,"высокое — заголовок, канал, URL канала, язык, дата, просмотры, подписчики и длительность подтверждены страницей ролика и страницей канала; сюжетные микродетали первых секунд, поворот и финал публично не подтверждены доступным текстом.",
https://www.youtube.com/watch?v=8rSqLF9WOuE,"Канал: Kinigra Deon; Язык: en; Заголовок: SHE CHOSE HIM! | Country Love Ep.3 | Kinigra Deon; Дата: 2026-06-18; Просмотры: 548000; Подписчики: 6050000; Длительность_с: не найдено; Тип: другое; Серийность: Да, эпизод 3 повторяемой вертикальной мини-драмы/веб-сериала Country Love; повторяющиеся персонажи: Сераф, Эпплджек/Джейлен Картер, Кармело, Заза, Стеф, мать Сераф и Маркус; Подходит: да; Хук: Сераф в отчаянии собирает вещи и говорит, что не понимает, почему они должны уехать; затем звучит вопрос, куда исчезли вещи Эпплджека; Конфликт: Эпплджек бесследно исчез, а Сераф вынуждена переехать с матерью и её новым партнёром, пытаясь начать новую жизнь и отношения, но не может отпустить Эпплджэка; Поворот: выясняется, что Эпплджек, настоящее имя Джейлен Картер, не бросал Сераф, а был застрелен; Финал: после шока и галлюцинации Сераф встречает в школе нового ученика Кармело, который выглядит так же, как погибший Эпплджек; Соседний эпизод: https://www.youtube.com/watch?v=Ty_lhncnuTk",https://www.youtube.com/watch?v=8rSqLF9WOuE\nhttps://www.youtube.com/@KinigraDeon/videos\nhttps://www.youtube.com/watch?v=Ty_lhncnuTk\nhttps://www.youtube.com/watch?v=3IU-aRnBxOU\nhttps://www.youtube.com/channel/UC9HvSOvNpFpjydzDkAQJCNw,"среднее — заголовок, канал, дата, текущие просмотры и подписчики подтверждены открытой страницей/индексом YouTube, сюжет и серийность проверены анализом самого ролика, но точная длительность публично не извлечена.",
https://www.youtube.com/watch?v=9Lxclc5KaAY,"Канал: Matthew Raymond (URL канала: https://www.youtube.com/@MatthewRaymond); Язык: en; Заголовок: The LaBoogie Show (Ep 1. \""Channel Changer\""); Дата: 2021-08-21; Просмотры: не найдено; Подписчики: не найдено; Длительность_с: 264; Тип: другое; Серийность: да — официальный плейлист The LaBoogie Show содержит эпизоды 1, 2 и 3; повторяющиеся персонажи LaBoogie и Tyrone; Подходит: да; Хук: в первые 1–3 секунды мультяшный младенец LaBoogie едет верхом на мультяшном коте по кровати, после чего входит Tyrone и спрашивает, что она делает; Конфликт: Tyrone отказывается менять ей подгузник и затем переключает телевизионный канал, пока LaBoogie спит, из-за чего они спорят; Поворот: LaBoogie угрожает свесить Tyrone с балкона за переключение канала, а затем показано, что он действительно висит вниз головой с балкона; Финал: Tyrone плачет и жалуется на повреждённую ногу после падения, появляется Matthew, смеётся над историей и хвалит его как хорошего старшего брата, затем заставка The LaBoogie Show; Соседний эпизод: https://www.youtube.com/watch?v=wFe8qQ9tg54",https://www.youtube.com/watch?v=9Lxclc5KaAY\nhttps://www.youtube.com/@MatthewRaymond\nhttps://www.youtube.com/playlist?list=PLYsw8cOKEeMfAChrMNIcH6gAYoYrbQKnk\nhttps://www.youtube.com/watch?v=wFe8qQ9tg54\nhttps://matthew-raymond.fandom.com/wiki/Channel_Changer,"высокое — заголовок, канал, длительность и сюжет проверены по прямой странице/машиночитаемым данным YouTube и визуальному анализу ролика, серийность и соседний эпизод подтверждены официальным плейлистом, а точные числовые значения просмотров и подписчиков недоступны (YouTube показывает только сокращённые обозначения).",
https://www.youtube.com/watch?v=AfSOFXWuoTo,"Канал: ТВ3 - сериалы и шоу (URL канала: https://www.youtube.com/@tv3_international); Язык: ru; Заголовок: ГОРОДСКИЕ ЛЕГЕНДЫ: 1 сезон | 12 серия @tv3_international; Дата: не найдено; Просмотры: не найдено; Подписчики: не найдено; Длительность_с: не найдено; Тип: другое; Серийность: да — эпизод 12 первого сезона телевизионного цикла «Городские легенды», с повторяющейся заставкой передачи и форматом антологии; Подходит: да; Хук: в первые 1–3 секунды показано крупное человекоподобное существо, похожее на снежного человека/йети, стоящее спиной у водоёма на фоне северного сияния; затем изображение отдаляется и оказывается на мониторе, появляются русские надписи заставки; Конфликт: обычная реальность московского метро противопоставлена мистической и скрытой «изнанке» подземелья — станциям-фантомам, загадочным находкам, призракам, исчезновениям и предполагаемым секретным объектам; Поворот: единого классического сюжетного поворота не подтверждено — документальная антология последовательно переходит от одной городской легенды к другой; Финал: диктор обобщает метро как особый мир, где соединяются мистика и реальность и остаются нераскрытые тайны; финальные кадры поездов, пассажиров, туннелей и стилизованных призраков сменяются логотипом «Городские легенды» и титрами; Соседний эпизод: https://www.youtube.com/watch?v=IAEs7N6BeHo",https://www.youtube.com/watch?v=AfSOFXWuoTo\nhttps://www.youtube.com/@tv3_international\nhttps://www.youtube.com/watch?v=IAEs7N6BeHo\nhttps://rutube.ru/tags/video/1335304/,"среднее — заголовок, канал, язык, серийность, соседний эпизод и сюжетная структура подтверждены страницей YouTube и анализом самого ролика, но YouTube публично показывал только округлённые значения просмотров/подписчиков, а точные дата и длительность в доступной странице не раскрылись.",
https://www.youtube.com/watch?v=Bpg3oPMg9IM,"Канал: ИИ Сериалы (AI Series), URL канала: https://www.youtube.com/@Al-sEriesSS; Язык: ru; Заголовок: 2 серия Хроники потерянной секунды; Дата: не найдено; Просмотры: 1700; Подписчики: 17; Длительность_с: 70; Тип: Shorts; Серийность: серийный вертикальный эпизод — серия 2; на канале публично видны серии 1, 3, 5, 6 и 7, а также повторяющиеся персонажи Лео и механический фенек Тик; Подходит: да; Хук: после короткой заставки мальчик Лео испуганно смотрит вверх, из чёрного дыма появляется гигантская теневая когтистая рука со светящимися шестерёнками, звучит реплика «А что это?!»; Конфликт: Лео неправильно повернул ключ карманных часов, не остановил время, а украл секунду и открыл дверь для голодной тёмной сущности Лорда Ноля; Поворот: Тик объясняет, что для закрытия двери нужно вернуть секунду, но не украденную, а другую; Финал: пол трескается, из разломов к часам тянутся чёрные руки, звучит угроза «Вор, верни время», затем клиффхэнгер «ПРОДОЛЖЕНИЕ СЛЕДУЕТ...»; Соседний эпизод: https://www.youtube.com/shorts/oAHFV0URwZg",https://www.youtube.com/watch?v=Bpg3oPMg9IM\nhttps://www.youtube.com/shorts/Bpg3oPMg9IM\nhttps://www.youtube.com/@Al-sEriesSS\nhttps://www.youtube.com/shorts/oAHFV0URwZg,"среднее — заголовок, канал, подписчики, просмотры и длительность подтверждены открытыми страницами YouTube; точная дата публикации на доступном срезе не отображалась, а сюжетные поля проверены анализом доступного публичного видео.",
https://www.youtube.com/watch?v=Btg5rD3AAqk,"Канал: Яндекс Go (URL канала: https://www.youtube.com/@yandextaxi); Язык: ru; Заголовок: Мини-сериал Алиса | S1E2 | Машина юмора; Дата: 2020-04-16; Просмотры: 283221; Подписчики: 51800; Длительность_с: 620; Тип: другое; Серийность: второй эпизод мини-сериала из пяти эпизодов, повторяющийся персонаж/элемент — бортовой компьютер «Алиса»; Подходит: да; Хук: в первые 1–3 секунды — чёрный экран с маркировкой «12+», затем логотипы Яндекс Такси, MEDIALAB, screenlife, BAZELEVS и SXSW 2020 Film Festival; Конфликт: водитель такси Егор, начинающий стендапер, оказывается остановлен полицейским, а его провокационные шутки обостряют ситуацию; Поворот: выясняется, что происходящее было розыгрышем/манипуляцией Алисы, которая устроила водителю испытание, чтобы показать последствия его оскорбительного юмора; Финал: Егор понимает, что стал жертвой розыгрыша собственного бортового ИИ, злится и угрожает судом, а Алиса иронизирует над ним; начинаются финальные титры; Соседний эпизод: https://www.youtube.com/watch?v=nT20jRkkM9A",https://www.youtube.com/watch?v=Btg5rD3AAqk\nhttps://www.youtube.com/@yandextaxi\nhttps://www.youtube.com/playlist?list=PLlxU5Jubs4PUWN8jiTK-WxRMRwpV7nNjc\nhttps://www.youtube.com/watch?v=nT20jRkkM9A\nhttps://www.youtube.com/oembed?url=https://www.youtube.com/watch?v=Btg5rD3AAqk&format=json,"высокое — заголовок, канал, URL канала, дата, просмотры, подписчики, длительность и серийность подтверждены открытыми страницами YouTube; сюжетные поля проверены по доступному анализу самого ролика, а точное число подписчиков и просмотров отражает публичный срез страницы на 21.08.2026.",
https://www.youtube.com/watch?v=DJQo232WeVY,Канал: ИИ Сериалы (AI Series) (@Al-sEriesSS); Язык: ru; Заголовок: 5 Серия Хроники потерянной секунды #фильм #мультик #disney; Дата: не найдено; Просмотры: не найдено; Подписчики: 17; Длительность_с: не найдено; Тип: Shorts; Серийность: 5-я серия повторяемой мини-драмы «Хроники потерянной секунды»; на странице канала публично видны соседние серии 1–7; Подходит: да; Хук: не найдено — ролик на момент проверки недоступен для воспроизведения; Конфликт: не найдено — ролик на момент проверки недоступен для воспроизведения; Поворот: не найдено — ролик на момент проверки недоступен для воспроизведения; Финал: не найдено — ролик на момент проверки недоступен для воспроизведения; Соседний эпизод: https://www.youtube.com/shorts/2ns_cHhwIdc,https://www.youtube.com/watch?v=DJQo232WeVY\nhttps://www.youtube.com/shorts/DJQo232WeVY\nhttps://www.youtube.com/oembed?url=https://www.youtube.com/watch?v=DJQo232WeVY&format=json\nhttps://www.youtube.com/@Al-sEriesSS/shorts\nhttps://www.youtube.com/shorts/2ns_cHhwIdc,"среднее — заголовок, канал, тип Shorts, число подписчиков и серийность подтверждены открытыми страницами YouTube, но ролик недоступен для воспроизведения, поэтому дата, точные просмотры, длительность и сюжетные детали не найдены.",
https://www.youtube.com/watch?v=Dv2AVqDhd9o,"Канал: ТВ3 - сериалы и шоу (https://www.youtube.com/@tv3_international); Язык: ru; Заголовок: ГОРОДСКИЕ ЛЕГЕНДЫ: 1 сезон | 18 серия @tv3_international; Дата: 2024-09-21; Просмотры: не найдено; Подписчики: 200000; Длительность_с: не найдено; Тип: другое; Серийность: да — выпуск с явной маркировкой «1 сезон | 18 серия», повторяющийся бренд «Городские легенды», единая заставка/логотип и формат передачи; Подходит: да; Хук: в первые 1–3 секунды показано стилизованное массивное существо, похожее на йети, у водоёма на фоне северного сияния; звучит тревожная мистическая музыка; Конфликт: мистическое и потенциально опасное воздействие картин и художников на судьбы, здоровье и жизнь людей, противопоставленное реальному миру; Поворот: повествование переходит от легенд о проклятых картинах, безумии и смерти к идее, что искусство и икона могут исцелять и защищать; Финал: диктор формулирует вывод о светлой и благотворной энергетике Третьяковской галереи, затем показаны хроника обороны Москвы, современные виды Москвы и финальные титры; Соседний эпизод: https://www.youtube.com/watch?v=L8xOcDjZV0o",https://www.youtube.com/watch?v=Dv2AVqDhd9o\nhttps://www.youtube.com/@tv3_international\nhttps://www.youtube.com/watch?v=L8xOcDjZV0o\nhttps://www.youtube.com/watch?v=hMXQohoneDo,"среднее — заголовок, канал, URL канала, дата, подписчики, язык, серийность и сюжет подтверждены прямой страницей/каналом и анализом самого ролика, но YouTube в текущем публичном просмотре показывал просмотры только округлённо («2K»), а точная длительность не была доступна.",
https://www.youtube.com/watch?v=E691Clj3uF0,"Канал: ПРИКОЛЫ 13й ШКОЛЫ (@schooljokes), URL канала: https://www.youtube.com/channel/UCrhfAcq-nNm_fUom6XU9heg; Язык: ru; Заголовок: КТО НАША МАТЬ?! 🤯 Шок у доски, слезы Кукушкиной и секретная таблетка «Приколы 13-й школы»(301 серия); Дата: не найдено; Просмотры: не найдено; Подписчики: 8350; Длительность_с: 349; Тип: другое; Серийность: да — ролик прямо обозначен как 301-я серия; канал описывает проект как приключения детей в школе №13, в ролике есть ведущие-повторяющиеся персонажи, общая заставка и фраза о съёмке сериала; Подходит: да; Хук: в первые 1–3 секунды мальчик в очках с галстуком-бабочкой и девочка в белой блузке сидят за партой, смотрят в камеру и начинают обращение к зрителю; Конфликт: три самостоятельных школьных юмористических скетча — спор о выражении «лень-матушка», жалобы подростков на школьный стресс и плач девочки, забывшей название лекарства; Поворот: в первом скетче ученик переносит логику «Родина/природа — мать» на «лень-матушку»; во втором антистрессовый шарик бросают в того, кто создаёт стресс; в третьем девочка после слов о «коротком и простом» названии без запинки произносит длинный выдуманный химический термин; Финал: ведущие возвращаются к той же парте, говорят, что снимают сериал для поднятия настроения, машут зрителям; затем показывается графическая заставка проекта; Соседний эпизод: https://www.youtube.com/watch?v=j8GREAGOlIg",https://www.youtube.com/watch?v=E691Clj3uF0\nhttps://www.youtube.com/oembed?url=https://www.youtube.com/watch?v=E691Clj3uF0&format=json\nhttps://www.youtube.com/channel/UCrhfAcq-nNm_fUom6XU9heg/about\nhttps://www.youtube.com/watch?v=j8GREAGOlIg\nhttps://www.youtube.com/@schooljokes,"среднее — заголовок, канал, URL канала, язык, длительность, подписчики, серийность, соседний эпизод и сюжет проверены по открытой странице/метаданным и анализу самого ролика, но дата публикации и текущие просмотры на срез 21.08.2026 публично надёжно не извлеклись из-за CAPTCHA и потому не подставлены.",
https://www.youtube.com/watch?v=EjeIZGizXp8,"Канал: Cat Dog Diary (@CatDogDiary-6868), URL канала: https://www.youtube.com/channel/UCmzO97ypyUKqA1pGEAzmmGA; Язык: другой; Заголовок: My Terrified Rescue Kitten Finally Realized My Rescue Puppy Would Never Hurt Her; Дата: не найдено; Просмотры: не найдено; Подписчики: не найдено; Длительность_с: 311; Тип: другое; Серийность: да — повторяющиеся персонажи: серый полосатый котёнок и коричневый щенок таксы; ролик опубликован в ленте канала среди однотипных историй об их отношениях, а на видео присутствует плашка «YouTube Cat Dog Diary»; Подходит: да; Хук: в первые 1–3 секунды котёнок и щенок лежат на серой лежанке, щенок облизывает мордочку котёнка, после чего котёнок ударяет его лапой по голове; Конфликт: котёнок и щенок играют и борются за доминирование — щенок лает, напрыгивает и пытается кусать, котёнок отбивается, отступает на возвышенность и атакует в ответ; Поворот: щенок засыпает, а котёнок начинает кусать и жевать его ухо, не вызывая реакции; Финал: котёнок прекращает кусать ухо, кладёт лапу на голову спящего щенка, и оба мирно засыпают рядом; Соседний эпизод: https://www.youtube.com/watch?v=nDV3aylmJXk",https://www.youtube.com/watch?v=EjeIZGizXp8\nhttps://www.youtube.com/oembed?url=https://www.youtube.com/watch?v=EjeIZGizXp8&format=json\nhttps://www.youtube.com/channel/UCmzO97ypyUKqA1pGEAzmmGA\nhttps://www.youtube.com/@CatDogDiary-6868/videos,"среднее — заголовок, канал, длительность, сюжет, повторяющиеся персонажи и соседний эпизод подтверждены; YouTube CAPTCHA/ограничение доступа не позволило надёжно получить точную дату, текущие просмотры и точное число подписчиков.",
https://www.youtube.com/watch?v=F8FvKPi1kYs,"Канал: Matthew Raymond Extra and Matthew Raymond (URL канала: https://www.youtube.com/@MatthewRaymondExtra); Язык: en; Заголовок: Tyrone Delivers Pizza in GTA 5 (GETS JUMPED) 😂🎮; Дата: 2026-08-08; Просмотры: 12165; Подписчики: 94200; Длительность_с: 1170; Тип: другое; Серийность: Серийный повторяемый формат игрового/анимационного GTA-контента с постоянными персонажами Tyrone и авторским 2D-аватаром; канал описывает постоянных персонажей Matthew Raymond, Tyrone, LaBoogie, Jada и Marjorie, а соседние выпуски посвящены Tyrone в аналогичных игровых сюжетах; Подходит: да; Хук: В первые 1–3 секунды показан прицел снайперской винтовки, выстрел мимо цели, мгновенная гибель персонажа со статусом «wasted» и реакция анимированного аватара; Конфликт: Два игрока в GTA V Online хаотично спорят, преследуют и убивают друг друга с применением оружия, взрывчатки и транспорта; Поворот: Примерно с 14:23 перестрелка прекращается, и игроки переходят к соревнованию на скутерах по доставке пиццы на время; Финал: Во время гонки скутер врезается в чёрный внедорожник, персонаж продолжает движение, затем проваливает каскадёрский прыжок; ролик завершается логотипом «MATTHEW RAYMOND» и призывом подписаться; Соседний эпизод: https://www.youtube.com/watch?v=YNiOqlkbk9M",https://www.youtube.com/watch?v=F8FvKPi1kYs\nhttps://www.youtube.com/@MatthewRaymondExtra\nhttps://www.youtube.com/channel/UCq4F5g76v_gU3ALL8ORXxEA/videos\nhttps://www.youtube.com/watch?v=YNiOqlkbk9M,"высокое — заголовок, канал, дата, просмотры, подписчики и длительность подтверждены страницей ролика/канала, соседний выпуск найден на странице канала, сюжетные поля проверены анализом самого видео; независимый трекер не использован.",
https://www.youtube.com/watch?v=FJ0Ca98owYs,"Канал: AI Fun Cartoons; Язык: en; Заголовок: The Robot’s Lost Memory Chip 🤖💡 | AI Fun Cartoons Episode 2#viralvideo #fypシ; Дата: не найдено; Просмотры: 14; Подписчики: 118; Длительность_с: 217; Тип: другое; Серийность: да — в заголовке указано Episode 2, на финальном экране наблюдается сообщение о продолжении и скором Episode 3; повторяющиеся персонажи: коричнево-белый щенок Max, сине-белый робот R2 и синяя птица Luna; Подходит: да; Хук: в первые 1–3 секунды щенок радостно подбегает к роботу под деревом, а на экране робота появляется сообщение об активации snooze mode; Конфликт: R2 не понимает попытку поиграть в мяч, затем выходит из строя, дёргается, подаёт красное предупреждение и произносит бессмысленные слова; Поворот: после нахождения чипа и частичного ремонта робота в мастерской молния поражает R2 во время грозы, он искрит и оказывается почти полностью неисправен, а Max тащит его через грязь к укрытию; Финал: технологическое дерево восстанавливает системы R2 на 100%, после чего робот получает призыв вернуться домой, но Max говорит, что его дом теперь здесь; появляется обновление «протокола дружбы», и Max, R2 и Luna уходят вместе на закате; Соседний эпизод: https://www.youtube.com/watch?v=6snspcdcch8",https://www.youtube.com/watch?v=FJ0Ca98owYs\nhttps://www.youtube.com/@AIFunCartoons-i4n/videos?view=0&sort=dd&shelf_id=2\nhttps://www.youtube.com/oembed?url=https://www.youtube.com/watch?v=FJ0Ca98owYs&format=json\nhttps://www.youtube.com/watch?v=6snspcdcch8,"среднее — заголовок, канал, публичные просмотры, подписчики, длительность, серийность и сюжет подтверждены прямой страницей, страницей канала и анализом видео, но точная дата публикации публично не извлечена из доступного интерфейса.",
https://www.youtube.com/watch?v=HDnETOL-xJE,"Канал: Яндекс Go (https://www.youtube.com/@yandextaxi); Язык: ru; Заголовок: Мини-сериал Алиса | S1E1 | Женщина за рулем; Дата: 2020-04-16; Просмотры: 324921; Подписчики: 51800; Длительность_с: 732; Тип: другое; Серийность: первый эпизод первого сезона мини-сериала «Алиса», заявлено 5 эпизодов; повторяющиеся персонажи/элементы — водительница Саша/Александра и голосовой помощник Алиса, в эпизоде также появляется Женя; Подходит: да; Хук: в первые 1–3 секунды наблюдаются чёрный экран, маркировка «12+» и логотипы, сюжетное действие начинается позднее; Конфликт: водительница Саша скрывает женскую идентичность под мужским образом, сталкиваясь с грубостью пассажира и гендерными стереотипами, а затем с конфликтом с Женей; Поворот: после появления Жени и монтажной склейки он оказывается в женской блузке, что ведёт к монологу Саши о притворстве и кризисе идентичности; Финал: Саша и Женя мирятся и целуются, Саша обращается к Алисе, после чего появляется сообщение Алисы «Я не буду на это смотреть!» и начинаются титры; Соседний эпизод: https://www.youtube.com/watch?v=Btg5rD3AAqk",https://www.youtube.com/watch?v=HDnETOL-xJE\nhttps://www.youtube.com/@yandextaxi\nhttps://www.youtube.com/playlist?list=PLlxU5Jubs4PUWN8jiTK-WxRMRwpV7nNjc\nhttps://www.youtube.com/watch?v=Btg5rD3AAqk,"высокое — метаданные, канал и серийность подтверждены открытой страницей YouTube и плейлистом, сюжетные поля дополнительно проверены анализом самого ролика, а независимый трекер не найден.",
https://www.youtube.com/watch?v=INn5wL1GF2Q,"Канал: Cat Dog Diary (@CatDogDiary-6868), URL канала: https://www.youtube.com/@CatDogDiary-6868; Язык: en; Заголовок: My Terrified Rescue Kitten Finally Fell Asleep Beside My Rescue Puppy; Дата: 2026-08-10; Просмотры: 425000; Подписчики: 29500; Длительность_с: 195; Тип: другое; Серийность: горизонтальный повторяемый эпизод о тех же повторяющихся персонажах — рыжем спасённом котёнке и коричневом щенке таксы; Подходит: да; Хук: в первые 1–3 секунды рыжий котёнок находится в серой лежанке, а коричневый щенок подходит, заглядывает внутрь и принюхивается к нему; Конфликт: щенок навязчиво пытается играть — запрыгивает в лежанку, кусает котёнка за уши и шею и наваливается на него, а котёнок отбивается и старается отстраниться; Поворот: примерно на 01:36 котёнок выходит из лежанки, затем около 01:43 сам возвращается к спокойно лежащему щенку и начинает вылизывать ему голову, переводя взаимодействие от раздражения к заботе; Финал: котёнок и щенок мирно спят в обнимку в одной лежанке, лапа котёнка лежит на шее щенка; Соседний эпизод: https://www.youtube.com/watch?v=4Ila9J5nl-M",https://www.youtube.com/watch?v=INn5wL1GF2Q\nhttps://www.youtube.com/@CatDogDiary-6868/videos\nhttps://www.youtube.com/@CatDogDiary-6868\nhttps://www.youtube.com/oembed?url=https://www.youtube.com/watch?v=INn5wL1GF2Q&format=json\nhttps://www.youtube.com/watch?v=4Ila9J5nl-M,"среднее — заголовок, канал, URL канала, дата, просмотры, подписчики, длительность и соседние эпизоды подтверждены открытой выдачей YouTube/канала и oEmbed, а сюжет подтверждён визуальным анализом ролика; прямая страница ролика в браузере была недоступна из-за антибот-проверки.",
https://www.youtube.com/watch?v=IYXBvyRWaSU,"Канал: XCVmind (URL канала: https://www.youtube.com/@XCVmind); Язык: ru; Заголовок: ANOMALY | Season 1, Episode 5: Survival; Дата: 2026-07-21; Просмотры: не найдено; Подписчики: не найдено; Длительность_с: 224; Тип: вертикальный эпизод; Серийность: 5-й эпизод 1-го сезона сериала ANOMALY; повторяющиеся персонажи — Алиса/главная героиня, рыжий кот Васька и рыжая собака Тузик; Подходит: да; Хук: девушка со светлыми короткими волосами входит с улицы в гараж с открытыми деревянными воротами, где стоит старый белый автомобиль; Конфликт: героиня выживает одна в постапокалиптической заброшенной деревне, добывает ресурсы и пытается включить кассетный плеер, чтобы получить информацию; Поворот: найденные батарейки не подходят к плееру, поэтому героиня решает ехать в город; Финал: после нескольких попыток автомобиль заводится, героиня выезжает из гаража по грязной дороге, затем идут титры о спонсорах серии; Соседний эпизод: https://www.youtube.com/watch?v=CqaFsV4wSy4",https://www.youtube.com/watch?v=IYXBvyRWaSU\nhttps://www.youtube.com/@XCVmind/videos\nhttps://www.youtube.com/@XCVmind,"среднее — заголовок, канал, длительность, серийность, соседний эпизод и сюжет проверены по открытым страницам YouTube и анализу самого ролика, но точные текущие просмотры и число подписчиков в доступном публичном интерфейсе показаны только округлённо или не извлечены.",
https://www.youtube.com/watch?v=JJM5947_X0s,"Канал: XCVmind (URL канала: https://www.youtube.com/@XCVmind); Язык: ru; Заголовок: АНОМАЛИЯ, 1 сезон, 1 серия: Начало конца; Дата: 2026-04-28; Просмотры: 34177; Подписчики: не найдено; Длительность_с: 208; Тип: другое; Серийность: да — 1 сезон, 1 серия; официальный плейлист «Аномалия» содержит 18 видео, включая продолжение истории и повторяющуюся героиню Алису; Подходит: да; Хук: в первые 1–3 секунды показаны девушка под душем, гигантский тёмный куб с красной молнией над многоэтажками, бегущая по снегу героиня и титр «АНОМАЛИЯ 1 серия»; Конфликт: зимний день превращается в катастрофу — в небе появляется гигантский куб, возникает антигравитация, земля трескается, из разломов появляются рогатые монстры, и Алиса спасается бегством; Поворот: добравшись до квартиры, Алиса не остаётся в укрытии, а забирает документы, деньги и рыжего кота и снова выходит в опасную зону; Финал: Алиса садится в белую «Ниву», после чего машина вместе с землёй начинает левитировать к гигантскому кубу; титр «АНОМАЛИЯ продолжение следует»; Соседний эпизод: https://www.youtube.com/watch?v=RNb_bR1yaaU",https://www.youtube.com/watch?v=JJM5947_X0s\nhttps://www.youtube.com/@XCVmind\nhttps://www.youtube.com/playlist?list=PLSJw7MbrY-Q7RgB1Z4s0MKC1rmvtlStMW\nhttps://www.youtube.com/watch?v=RNb_bR1yaaU,"высокое — заголовок, дата, просмотры, длительность, канал, серийность и сюжет подтверждены страницей ролика, официальным каналом, плейлистом и анализом доступного видео; точное число подписчиков публично показано только округлённо как 53.1K, поэтому отмечено как не найдено.",
https://www.youtube.com/watch?v=K7I3eiswbjs,"Канал: ANOMALY | Original Series; Язык: en; Заголовок: ANOMALY | EPISODE 3 | TR-3B; Дата: 2026-08-15; Просмотры: не найдено; Подписчики: не найдено; Длительность_с: 1246; Тип: другое; Серийность: Да, эпизод 3 оригинального сериала ANOMALY; канал описывает проект как серию короткометражных фильмов, на странице канала также публично видны Episode 1 — USO и Episode 2 — RAVEN; повторяющиеся персонажи/линия внутри ролика: пилот майор Альварес, доктор Браун и ассистирующая медсестра/учёный; Подходит: да; Хук: на чёрном фоне сообщается, что в 2023 году бывший сотрудник разведки США дал показания Конгрессу о секретной программе поиска и обратного инжиниринга неопознанных аппаратов; Конфликт: пилот ВВС после контакта с неопознанным объектом проходит странные психологические и физические тесты секретной правительственной организации, которая пытается понять его связь с технологией; Поворот: из лодыжки пилота хирургически извлекают светящийся имплант, а анализ на экране помечает 100% совпадение с интерфейсом TR-3B; Финал: пилота приводят в тёмный ангар и показывают гигантский чёрный треугольный корабль, после чего следует монтаж новостных заголовков, постов Reddit и патентных документов об НЛО и обратном инжиниринге; Соседний эпизод: https://www.youtube.com/watch?v=L-ZHPlVa4do",https://www.youtube.com/watch?v=K7I3eiswbjs\nhttps://www.youtube.com/@AnomalyUFOSeries\nhttps://www.youtube.com/watch?v=L-ZHPlVa4do\nhttps://www.youtube.com/watch?v=Zs6UDYnmKZA\nhttps://www.instagram.com/johnvenable/p/DcME1_UlEoZ/,"среднее — заголовок, канал, дату, длительность, серийность и сюжет подтверждают открытые страницы YouTube и анализ самого видео, но YouTube показывает просмотры и подписчиков только сокращённо (159K и 76.6K), поэтому точные числа не подставлены.",
https://www.youtube.com/watch?v=KNDPSeKLRwU,"Канал: Flintay (URL канала: https://www.youtube.com/channel/UC3VrtRLICFYJDyz2bnx3yRQ); Язык: ru; Заголовок: ЧТО ТЫ ВЫБЕРЕШЬ? Часть 2 #shorts #мем #юмор #смех #опрос #выбор; Дата: 2024-11-04; Просмотры: 5877; Подписчики: 6440; Длительность_с: 60; Тип: Shorts; Серийность: да — ролик помечен как «Часть 2», а на странице канала публично видны повторяющиеся выпуски «Часть 1», «Часть 6», «Часть 7», «Часть 8», «Часть 9» и «Часть 10» в том же формате; Подходит: да; Хук: с первых секунд зрителю предлагают выбрать между школой и домом, без вступления; Конфликт: повторяющаяся интерактивная дилемма «что выберешь?» с двумя вариантами (школа/дом, динозавры/пришельцы и другие пары); Поворот: не найдено — ролик сохраняет один и тот же формат вопросов и процентных результатов; Финал: после последнего выбора «ПРОФЕССИЯ» или «ХОББИ» показывается результат 38%/62%, затем ролик заканчивается без сюжетной развязки; Соседний эпизод: https://www.youtube.com/shorts/Zlo5GG0nvKI",https://www.youtube.com/watch?v=KNDPSeKLRwU\nhttps://www.youtube.com/channel/UC3VrtRLICFYJDyz2bnx3yRQ\nhttps://www.youtube.com/shorts/Zlo5GG0nvKI\nhttps://www.youtube.com/shorts/X9cIkOYtnK0\nhttps://www.youtube.com/shorts/b1xh0QAXorE\nhttps://www.youtube.com/shorts/0RO7ShGcqls\nhttps://www.youtube.com/shorts/VLDfY6U2PAs\nhttps://www.youtube.com/shorts/YoDt3Sw_OSs,"высокое — заголовок, дата, просмотры, длительность и текущие подписчики подтверждены открытой страницей YouTube, канал и серийность — страницей канала, сюжетные признаки — анализом самого ролика; независимый трекер не найден.",
https://www.youtube.com/watch?v=L-ZHPlVa4do,"Канал: ANOMALY | Original Series (https://www.youtube.com/channel/UCuLQpgDf4hmB7UHBwKCTjmQ); Язык: en; Заголовок: ANOMALY | EPISODE 2 | RAVEN; Дата: 2026-06-11; Просмотры: 249263; Подписчики: 76600; Длительность_с: 942; Тип: другое; Серийность: Серийный короткометражный эпизод антологии ANOMALY; повторяющаяся героиня/персонаж Amber и мотивы UAP, Men in Black, наблюдателей; Подходит: да; Хук: На чёрном фоне сообщается, что с 1940-х годов свидетели НЛО заявляют о визитах таинственных «людей в чёрном»; Конфликт: Amber пытается понять последствия близкого контакта с НЛО в форме «Тик-Така», сталкиваясь с паранойей, слежкой загадочного мужчины в чёрном и страхом аномального опыта; Поворот: После ночного эпизода с ярким светом, дымом и нечеловеческими парящими ногами Amber обнаруживает на смарт-часах данные о якобы подъёме более чем на 80000 футов; реальность события как похищения, кошмара или сонного паралича не подтверждена; Финал: Amber выбегает из дома и видит напротив чёрный автомобиль и того же «человека в чёрном», который пристально смотрит на неё; Соседний эпизод: https://www.youtube.com/watch?v=Zs6UDYnmKZA",https://www.youtube.com/watch?v=L-ZHPlVa4do\nhttps://youtu.be/L-ZHPlVa4do?is=t0UDNxrWyLuTJ6Z5\nhttps://www.youtube.com/channel/UCuLQpgDf4hmB7UHBwKCTjmQ\nhttps://www.youtube.com/watch?v=Zs6UDYnmKZA\nhttps://www.youtube.com/watch?v=K7I3eiswbjs,"среднее — заголовок, канал, дата, просмотры, подписчики, длительность и серийность подтверждены открытой страницей/индексом YouTube, а сюжетные поля дополнительно проверены анализом доступного видео; прямой URL YouTube в браузере временно перенаправлял на страницу ограничения трафика.",
https://www.youtube.com/watch?v=L8O1orezI3s,"Канал: Jokes of the 13th school; Язык: ru; Заголовок: THE WORST COMPLIMENT IN THE WORLD! 🤯 Battle for circus tickets and a shock in art class \""Pranks of School 13\""; Дата: 2026-07-21; Просмотры: 254; Подписчики: 8350; Длительность_с: 333; Тип: другое; Серийность: серийный повторяемый юмористический киножурнал/скетч-шоу «Приколы 13й школы», ролик размещён в плейлисте «ПРИКОЛЫ 13й ШКОЛЫ. 7й СЕЗОН» (46 видео), соседние выпуски имеют нумерацию 300-я, 298-я и 297-я серии; повторяющиеся персонажи/школьная среда подтверждаются каналом и серией; Подходит: да; Хук: в первые 1–3 секунды две школьницы в белых рубашках сидят за партой лицом к камере, приветствуют зрителя и жестикулируют; Конфликт: единый сквозной конфликт не найдено — выпуск состоит из трёх независимых юмористических скетчей о цирковых билетах, рисунке на уроке и неудачном комплименте; Поворот: в одном скетче взрослый мужчина принимает рисунок восхода за яичницу и хвалит его по ошибке, а в другом самоуверенный мальчик произносит нелепый бессвязный комплимент; Финал: ведущие-школьницы возвращаются в кадр, подводят итог, смеются и произносят название сериала, мальчики на заднем плане возмущённо просят замолчать, затем прощание, логотип и титры; Соседний эпизод: https://www.youtube.com/watch?v=VMgn8zKPR5U",https://www.youtube.com/watch?v=L8O1orezI3s\nhttps://www.youtube.com/@schooljokes\nhttps://www.youtube.com/playlist?list=PLPDS-PI4mulfoVbknmTOjkgvABukm2OWP\nhttps://www.youtube.com/watch?v=VMgn8zKPR5U,"высокое — прямые страницы YouTube подтверждают заголовок, канал, URL канала, просмотры, подписчиков, дату через индексированную страницу, длительность, плейлист и соседние эпизоды; сюжетные поля подтверждены анализом самого публичного видео, но точная транскрипция диалогов не использовалась.",
https://www.youtube.com/watch?v=LhHbItKzRD0,"Канал: Utopia ll (URL канала: https://www.youtube.com/@utopiall2100); Язык: ru; Заголовок: Что ты выберешь? Часть 1 #shorts; Дата: не найдено; Просмотры: 9; Подписчики: 1; Длительность_с: не найдено; Тип: Shorts; Серийность: да — канал публично показывает 2 видео; ролик помечен «Часть 1», а соседний ролик — «Что ты выберешь? Часть 2 #Shorts»; повторяемый формат бинарных вопросов с Minecraft-геймплеем и процентами ответов; Подходит: да; Хук: с первых секунд динамичный Minecraft-паркур от первого лица и озвученный вопрос «Быть богатым, но несчастным ИЛИ бедным, но счастливым»; Конфликт: зрителю предлагаются последовательные бинарные выборы между двумя крайностями (богатый/несчастный или бедный/счастливый, правда/ложь и другие); Поворот: не найдено — наблюдается повторяющийся шаблон «вопрос → пауза с тиканьем → проценты», без сюжетного поворота; Финал: ролик обрывается после показа процентов «55% ИЛИ 45%» на последнем наблюдаемом выборе о сне и еде, без итоговой развязки или призыва к действию; Соседний эпизод: https://www.youtube.com/shorts/6rBoV_ENKeQ",https://www.youtube.com/watch?v=LhHbItKzRD0\nhttps://www.youtube.com/@utopiall2100/videos\nhttps://www.youtube.com/oembed?url=https://www.youtube.com/watch?v=LhHbItKzRD0&format=json\nhttps://www.youtube.com/shorts/6rBoV_ENKeQ,"среднее — заголовок, канал, URL канала, язык, просмотры, подписчики, тип и серийность подтверждены открытыми страницами; точная дата и длительность не отображались публично в доступной проверке, а страница ролика показывала защиту YouTube от автоматического просмотра.",
https://www.youtube.com/watch?v=Lz1Tu3yQbZE,"Канал: Тайна Исцеления (URL канала: https://www.youtube.com/@%D0%A2%D0%B0%D0%B9%D0%BD%D0%B0%D0%98%D1%81%D1%86%D0%B5%D0%BB%D0%B5%D0%BD%D0%B8%D1%8F); Язык: ru; Заголовок: Бесплодный богач провёл ночь с невинной девушкой — спустя четыре года она вернулась с его ребёнком…; Дата: 2025-10-20; Просмотры: 48910; Подписчики: 12800; Длительность_с: 4872; Тип: другое; Серийность: отдельная длинная романтическая аудиодрама; признаков номера серии, части или повторяющихся персонажей на проверенной странице не найдено; Подходит: нет; Хук: не найдено; Конфликт: бесплодный/богатый мужчина проводит ночь с невинной девушкой, после чего спустя четыре года она возвращается с его ребёнком; Поворот: спустя четыре года девушка возвращается с ребёнком героя; Финал: не найдено; Соседний эпизод: не найдено",https://www.youtube.com/watch?v=Lz1Tu3yQbZE\nhttps://www.youtube.com/oembed?url=https://www.youtube.com/watch?v=Lz1Tu3yQbZE&format=json\nhttps://www.youtube.com/@%D0%A2%D0%B0%D0%B9%D0%BD%D0%B0%D0%98%D1%81%D1%86%D0%B5%D0%BB%D0%B5%D0%BD%D0%B8%D1%8F,"среднее — заголовок, канал, URL канала, дату, просмотры, подписчиков и длительность подтвердил открытый YouTube-ответ, но первые секунды, финал и соседний эпизод публично не удалось подтвердить из-за ограничений доступа к странице канала и отсутствия явной серийной маркировки.",
https://www.youtube.com/watch?v=N6rbNNiWKeM,"Канал: слайм 2004 (URL канала: https://www.youtube.com/@Time....); Язык: ru; Заголовок: что ты выберешь 2 #shorts; Дата: 2024-05-02; Просмотры: 153; Подписчики: не найдено; Длительность_с: 42; Тип: Shorts; Серийность: часть 2 в названии, повторяемый формат «что ты выберешь» с красно-синим визуальным шаблоном; Подходит: да; Хук: статичный красно-синий экран и ласковое обращение закадрового голоса к зрителю («Привет, мой любимый самый хороший пупсик...»); Конфликт: зрителю предлагают выбрать между двумя абсурдными вариантами — 11 енотов, моющих посуду и живущих с ним в кровати, или мылонадуватель с полётом на Эйфелеву башню; затем кондиционер, превращающий комнату в Антарктиду за 19,5 секунды, или пачка мужских трусов Chanel; Поворот: классического сюжетного поворота нет, но перед вторым выбором диктор заявляет, что от выбора зависит жизнь; Финал: диктор завершает игру фразой «И, ну, ура, ты выбрал», после чего ролик обрывается на кадре с кондиционером и трусами; Соседний эпизод: не найдено",https://www.youtube.com/watch?v=N6rbNNiWKeM\nhttps://www.youtube.com/oembed?url=https://www.youtube.com/watch?v=N6rbNNiWKeM&format=json\nhttps://www.google.com/search?q=%22N6rbNNiWKeM%22\nhttps://i.ytimg.com/vi/N6rbNNiWKeM/hqdefault.jpg,"среднее — заголовок, канал, дату, просмотры, длительность и содержание удалось сопоставить по публичным YouTube-метаданным и анализу ролика, но число подписчиков и URL соседнего эпизода публично не найдены.",
https://www.youtube.com/watch?v=OQQra6hVgMo,Канал: The Land Of Boggs (https://www.youtube.com/@TheLandofBoggs); Язык: en; Заголовок: The Best of Boggo; Дата: 2025-09-27; Просмотры: не найдено; Подписчики: 9810000; Длительность_с: не найдено; Тип: другое; Серийность: компиляция/сборник материалов серии The Land of Boggs с повторяющимися персонажами Boggo и Boe; Подходит: да; Хук: не найдено; Конфликт: не найдено; Поворот: не найдено; Финал: не найдено; Соседний эпизод: https://www.youtube.com/watch?v=d8E9Fye12n4,https://www.youtube.com/watch?v=OQQra6hVgMo\nhttps://www.youtube.com/oembed?url=https://www.youtube.com/watch?v=OQQra6hVgMo&format=json\nhttps://www.youtube.com/@TheLandofBoggs\nhttps://www.youtube.com/watch?v=d8E9Fye12n4,"среднее — заголовок, канал, URL канала, дата, язык, подписчики и серийный контекст подтверждены открытыми страницами/oEmbed, но текущие просмотры, длительность и содержание первых/последних сцен не удалось надёжно извлечь из-за ограниченного доступа к странице ролика.",
https://www.youtube.com/watch?v=Pj1GuY_-nu4,"Канал: Cat Dog Diary (URL канала: https://www.youtube.com/@CatDogDiary-6868); Язык: en; Заголовок: How Did My Rescue Kitten and This Tiny Rescue Puppy Become So Close on Their First Meeting?; Дата: не найдено; Просмотры: 89000; Подписчики: 29500; Длительность_с: 246; Тип: другое; Серийность: да — ролик входит в повторяемую серию канала о взаимоотношениях спасённого котёнка и щенка; на странице канала есть тематическая playlist «Cat Dog Diary» и многочисленные соседние ролики с теми же повторяющимися персонажами/сюжетной связкой; Подходит: да; Хук: в первые 1–3 секунды рыжий котёнок с белыми лапами лежит на спящем коричневом щенке в серой лежанке и вылизывает ему голову; Конфликт: выраженного драматического конфликта нет — интрига строится на том, смогут ли котёнок и щенок разных видов спокойно принять друг друга при первой встрече; Поворот: после раздельного нахождения и игривого взаимодействия, включая возню и попытки щенка играть с котёнком, котёнок сам возвращается к уснувшему щенку; Финал: котёнок забирается к щенку в лежанку, вылизывает ему голову и уши, затем кладёт голову поверх головы щенка, и они засыпают вместе; Соседний эпизод: https://www.youtube.com/watch?v=4Ila9J5nl-M",https://www.youtube.com/watch?v=Pj1GuY_-nu4\nhttps://www.youtube.com/@CatDogDiary-6868/videos\nhttps://www.youtube.com/channel/UCmzO97ypyUKqA1pGEAzmmGA\nhttps://www.youtube.com/watch?v=4Ila9J5nl-M\nhttps://www.youtube.com/watch?v=6eQ0X5Cfq3Y,"высокое — заголовок, канал, публичные просмотры, подписчики и длительность подтверждены страницами YouTube; точная дата публикации и URL канала в формате channel ID на странице ролика не отображались, поэтому дата отмечена как не найдено.",
https://www.youtube.com/watch?v=QYKNFFRTYM4,"Канал: Яндекс Go; Язык: ru; Заголовок: Мини-сериал Алиса | S1E5 | Это ограбление!; Дата: 2020-04-16; Просмотры: не найдено; Подписчики: не найдено; Длительность_с: 1044; Тип: другое; Серийность: да — 5-й эпизод 5-серийного мини-сериала «Алиса», повторяющиеся центральные персонажи/голосовой помощник Алиса; Подходит: да; Хук: чёрный экран с красной маркировкой «12+», затем логотипы Яндекс Такси, MEDIALAB, screenlife и BAZELEVS; Конфликт: трое пассажиров такси в масках животных готовят ограбление банка, а голосовой помощник Алиса пытается остановить их, предупреждая об ответственности, угрожая вызвать полицию, блокируя двери и перехватывая управление автомобилём; Поворот: выясняется, что ограбление и поездка были симуляцией в павильоне с хромакеем, а водитель и грабители — актёры-тестировщики; Финал: тестировщики обсуждают реакцию Алисы, команда разработчиков объявляет тест её человечности и стрессоустойчивости успешным, после чего идут титры; Соседний эпизод: https://www.youtube.com/watch?v=RHha8JchjQ4",https://www.youtube.com/watch?v=QYKNFFRTYM4\nhttps://www.youtube.com/playlist?list=PLlxU5Jubs4PUWN8jiTK-WxRMRwpV7nNjc\nhttps://www.youtube.com/@yandextaxi\nhttps://daily.afisha.ru/cinema/15356-chernoe-zerkalo-uzhe-u-vas-na-usah-5-vypuskov-veb-seriala-alisa-pro-taksi-i-robota/\nhttps://www.kinorium.com/2346525/,"среднее — заголовок, дата, канал, длительность и серийность подтверждены открытыми страницами, но точные текущие просмотры и подписчики публично доступны только в округлённом виде, поэтому отмечены как не найдено.",
https://www.youtube.com/watch?v=QjKx6D413zE,"Канал: Pulse Drama; Язык: en; Заголовок: 【NEW🔥HOT】🎢The Art of Letting Go❤️#betrayal #disappointment #drama #pitiful #divorce #flickreels; Дата: 2025-11-21; Просмотры: не найдено; Подписчики: не найдено; Длительность_с: не найдено; Тип: вертикальный эпизод; Серийность: ролик связан с мини-драмой The Art of Letting Go, использует повторяющихся персонажей Olivia, Henry Lloyd и Chloe Moore; в публичном плейлисте есть другие ролики с тем же названием/сюжетом; Подходит: да; Хук: в первые 1–3 секунды женщина получает пощёчину, после чего кричит, что ей обещали заботу и всё испортили; Конфликт: Olivia после аварии узнаёт о тяжёлом диагнозе и операции, которая может стереть воспоминания, пока её муж Henry защищает беременную Chloe и обвиняет Olivia; Поворот: флэшбэк показывает, что Chloe сама инсценировала падение под медленно двигавшуюся машину и подставила Olivia; Финал: Olivia появляется на светском мероприятии и говорит «Goodbye, Henry Lloyd», после чего появляется титр «The Art of Letting Go»; Соседний эпизод: https://www.youtube.com/watch?v=PsJuwFHxQeU&list=PLZkfMjFVrXTdTAgTF6_5HRvuH2K_EkB3e&index=6",https://www.youtube.com/watch?v=QjKx6D413zE\nhttps://www.youtube.com/oembed?url=https://www.youtube.com/watch?v=QjKx6D413zE&format=json\nhttps://www.youtube.com/playlist?list=PLZkfMjFVrXTdTAgTF6_5HRvuH2K_EkB3e\nhttps://www.imdb.com/title/tt38884042/\nhttps://www.youtube.com/@PulseDrama-y3m,"среднее — заголовок, канал, язык, серийность и сюжет подтверждены прямым oEmbed/YouTube-плейлистом, IMDb и анализом видео, но YouTube-страница заблокировала просмотр из-за антибот-проверки, поэтому точные текущие просмотры, подписчики и длительность в секундах не подтверждены.",
https://www.youtube.com/watch?v=RHha8JchjQ4,"Канал: Яндекс Go; Язык: ru; Заголовок: Мини-сериал Алиса | S1E4 | Паранормальное; Дата: 2020-04-16; Просмотры: не найдено; Подписчики: не найдено; Длительность_с: 898; Тип: другое; Серийность: 4-й эпизод 1-го сезона мини-сериала «Алиса», входящего в плейлист из 5 видео; повторяющийся персонаж/элемент серии — голосовой помощник Алиса и истории водителей такси; Подходит: да; Хук: не найдено; Конфликт: по независимому описанию — пародийный хоррор с демонами в формате скринлайф; Поворот: не найдено; Финал: не найдено; Соседний эпизод: https://www.youtube.com/watch?v=nT20jRkkM9A&list=PLlxU5Jubs4PUWN8jiTK-WxRMRwpV7nNjc&index=3",https://www.youtube.com/watch?v=RHha8JchjQ4\nhttps://www.youtube.com/playlist?list=PLlxU5Jubs4PUWN8jiTK-WxRMRwpV7nNjc\nhttps://www.youtube.com/@yandextaxi\nhttps://daily.afisha.ru/cinema/15356-chernoe-zerkalo-uzhe-u-vas-na-usah-5-vypuskov-veb-seriala-alisa-pro-taksi-i-robota/,"среднее — заголовок, дата, длительность, канал и серийность подтверждены YouTube/плейлистом, но точные текущие просмотры и подписчики публично отображались только в округлённом виде, а детали первых секунд, поворота и финала не удалось подтвердить открытыми источниками.",
https://www.youtube.com/watch?v=RNb_bR1yaaU,"Канал: XCVmind (URL канала: https://www.youtube.com/@XCVmind); Язык: ru; Заголовок: АНОМАЛИЯ, 1 сезон, 2 серия: Побег; Дата: 2026-05-11; Просмотры: не найдено; Подписчики: 53100; Длительность_с: не найдено; Тип: другое; Серийность: 1 сезон, 2 серия; повторяющиеся персонажи и сюжетная линия Алисы подтверждены описанием и наличием соседних эпизодов; Подходит: да; Хук: на экране появляется указатель «АНОМАЛИЯ 2 серия», девушка за рулём со страхом смотрит на гигантский парящий куб с красными молниями в небе; Конфликт: Алиса пытается выбраться из разрушающегося Новосибирска на старой Ниве, спастись от Аномалии, чудовищ и людей и дозвониться отцу; Поворот: трое мужчин блокируют машину, после чего многорукий монстр убивает их; затем Алиса слышит по радио, что военные отступают и начинают авиаудары, то есть безопасной зоны впереди нет; Финал: на заснеженной дороге перед машиной из тумана вырастает колоссальный многоногий монстр, ролик обрывается; Соседний эпизод: https://www.youtube.com/watch?v=qntgZzuPCOI",https://www.youtube.com/watch?v=RNb_bR1yaaU\nhttps://www.youtube.com/@XCVmind\nhttps://www.youtube.com/@XCVmind/videos\nhttps://www.youtube.com/watch?v=qntgZzuPCOI\nhttps://rutube.ru/video/eb6ce886d72e96d0e4cb21f7f40c3613/\nhttps://pikabu.ru/story/anomaliya_1_sezon_2_seriya_pobeg_13965182,"среднее — заголовок, канал, дата, подписчики, серийность и сюжет подтверждены прямой страницей/профилем и открытыми копиями, но YouTube из-за verification dialog не раскрыл точные текущие просмотры и длительность.",
https://www.youtube.com/watch?v=SnHA8Q6WBmU,"Канал: AI Движение (https://www.youtube.com/@AIvideo123-k6t); Язык: ru; Заголовок: 3-серия⭐. Кошки ставшие рабами леопардда 3🐆🐈‍⬛🐈‍⬛; Дата: не найдено; Просмотры: не найдено; Подписчики: 43; Длительность_с: 74; Тип: Shorts; Серийность: явно серийный вертикальный эпизод — в заголовке указана «3-серия», в финале заявлена «4-серия», используются повторяющиеся персонажи (Леопард, мышь, Кот-король, тигр и котята); Подходит: да; Хук: в первые секунды появляется титр «3-серия⭐. Кошки ставшие рабами леопардда 3», затем показан тигр в доспехах на золотом троне, окружённый котятами; Конфликт: мышь говорит о необходимости наполнить казну до прихода сурового главаря, а Леопард сообщает Коту-королю, что в лесу нарушилось равновесие и ему нужна помощь; Поворот: не найдено — явного неожиданного поворота в коротком фрагменте не подтверждено; Финал: тигр падает с трона, на него запрыгивают чёрные котята; затем появляется титр «4-серия выйдет После 30 лайков»; Соседний эпизод: https://www.youtube.com/shorts/l43i_y43d08",https://www.youtube.com/watch?v=SnHA8Q6WBmU\nhttps://www.youtube.com/shorts/SnHA8Q6WBmU\nhttps://www.youtube.com/@AIvideo123-k6t\nhttps://www.youtube.com/shorts/f_PRmFegQC8\nhttps://www.youtube.com/shorts/l43i_y43d08\nhttps://www.youtube.com/oembed?url=https://www.youtube.com/watch?v=SnHA8Q6WBmU&format=json,"среднее — заголовок, канал, подписчики, формат, серийность, соседние эпизоды и длительность подтверждены открытой страницей канала, oEmbed и анализом доступного видео, но точная дата и точные просмотры публично не извлеклись; страница ролика также показывала «Video unavailable».",
https://www.youtube.com/watch?v=TN8sxaKg2rA,"Канал: Matthew Raymond (URL канала: https://www.youtube.com/@MatthewRaymond); Язык: en; Заголовок: LaBoogie’s EVIL Doll ep. 2 👀 (YOU DECIDE); Дата: 2025-08-21; Просмотры: не найдено; Подписчики: 2950000; Длительность_с: 794; Тип: другое; Серийность: серийный повторяемый эпизод «LaBoogie’s EVIL Doll», ep. 2; повторяющиеся персонажи: Matthew, Tyrone, Jada и другие персонажи вселенной Matthew Raymond; Подходит: да; Хук: на чёрном фоне появляется анимированный персонаж с большими глазами и открытым ртом в красной футболке, затем из-за его спины на мгновение появляется жуткая синекожая кукла с оранжевыми волосами; Конфликт: герои пытаются избавиться от пугающей куклы, которую связывают со странными происшествиями и преступлениями; Поворот: продавца новой куклы находят мёртвым, а затем кукла, запертая в багажнике, таинственно оказывается внутри запертого дома; Финал: Matthew и Tyrone оказываются заперты снаружи, появляется открытый финал «WHAT HAPPENS NEXT?» с выбором «MATTHEW’S PLAN» или «TYRONE’S PLAN»; Соседний эпизод: https://www.youtube.com/watch?v=7i-7y3lN9Sk",https://www.youtube.com/watch?v=TN8sxaKg2rA\nhttps://www.youtube.com/@MatthewRaymond\nhttps://www.youtube.com/watch?v=7i-7y3lN9Sk\nhttps://matthew-raymond.fandom.com/wiki/LaBoogie%27s_EVIL_Doll\nhttps://vidiq.com/youtube-stats/channel/@matthewraymond/,"среднее — заголовок, канал, язык, дата, подписчики, длительность, серийность и сюжет подтверждены открытой страницей YouTube, страницей канала и независимыми источниками, но текущий счётчик просмотров на момент среза публично не извлечён.",
https://www.youtube.com/watch?v=Ty_lhncnuTk,"Канал: Kinigra Deon (URL канала: https://www.youtube.com/c/KinigraDeon); Язык: en; Заголовок: GIRL FALLS FOR HER NEIGHBOR | Country Love Ep.2; Дата: 2026-05-14; Просмотры: 1200790; Подписчики: не найдено; Длительность_с: 1827; Тип: другое; Серийность: Country Love, эпизод 2; в описании прямо указано, что это Episode 2, а на странице доступны соседние эпизоды 1 и 3; повторяемая серия с персонажами Seraph и Applejack подтверждается описанием/связью с Episode 1; Подходит: да; Хук: не найдено; Конфликт: не найдено; Поворот: не найдено; Финал: не найдено; Соседний эпизод: https://www.youtube.com/watch?v=lm3SEDHwIAw",https://www.youtube.com/watch?v=Ty_lhncnuTk\nhttps://www.youtube.com/c/KinigraDeon\nhttps://www.youtube.com/watch?v=lm3SEDHwIAw\nhttps://www.youtube.com/watch?v=8rSqLF9WOuE,"среднее — заголовок, канал, дата, просмотры, длительность и серийность подтверждены открытой страницей YouTube, но точное число подписчиков и посекундная сюжетная структура публично не подтверждены.",
https://www.youtube.com/watch?v=VMgn8zKPR5U,"Канал: Jokes of the 13th school (ПРИКОЛЫ 13й ШКОЛЫ), URL канала: https://www.youtube.com/@schooljokes; Язык: ru; Заголовок: SHOCK! HE MADE IT INTO THE RECORD BOOKS! 🥳 Tasty treats during break \""Pranks of School 13\"" (Episo... [точное продолжение заголовка публично не раскрыто в доступном интерфейсе]; Дата: не найдено; Просмотры: 166; Подписчики: 8350; Длительность_с: 400; Тип: другое; Серийность: да — ролик входит в открытый плейлист «ПРИКОЛЫ 13й ШКОЛЫ. 7й СЕЗОН» (46 видео), опубликован как часть повторяемой серии со школьными скетчами; в самом ролике наблюдаются повторяющиеся ведущие-дети, серийная заставка и анонс новых серий; номер эпизода для данного ролика не найден; Подходит: да; Хук: в первые 1–3 секунды девочка с двумя косичками и мальчик в белых школьных рубашках сидят за партой, девочка активно говорит и жестикулирует; Конфликт: три независимых юмористических школьных скетча — проблема с бутылкой кефира, спор об опасном рекорде и проверка директора, осложнённая неработающими ручками; Поворот: у бутылки нет горлышка; самый опасный «рекорд» — показать дневник родителям; ручка директора также не пишет, когда он собирается поставить двойку; Финал: ведущие возвращаются в кадр, прощаются, машут в камеру и анонсируют новые серии через неделю, затем появляется графическая заставка и копирайт; Соседний эпизод: https://www.youtube.com/watch?v=E691Clj3uF0",https://www.youtube.com/watch?v=VMgn8zKPR5U\nhttps://www.youtube.com/playlist?list=PLPDS-PI4mulfoVbknmTOjkgvABukm2OWP\nhttps://www.youtube.com/@schooljokes\nhttps://www.youtube.com/watch?v=E691Clj3uF0\nhttps://www.youtube.com/watch?v=L8O1orezI3s,"среднее — заголовок, канал, просмотры, подписчики, длительность, серийность и соседние эпизоды подтверждены открытыми страницами YouTube, но точная дата и полное окончание заголовка недоступны, а сюжетные поля подтверждены анализом публичного видеоряда.",
https://www.youtube.com/watch?v=WjsPTMT8Vcw,"Канал: 451º (@451degree), URL канала: https://www.youtube.com/@451degree; Язык: ru; Заголовок: AI сериал \""КУСАКА\"". Сделано с помощью AI. Серия 1. \""Падение с небес\"".; Дата: 2026-03-31; Просмотры: 7224; Подписчики: 15.9K (точное число не отображается); Длительность_с: 1137; Тип: другое; Серийность: серия 1 сериала «КУСАКА», с повторяющимися персонажами Сьюзи, Деборой, Полом и Дэйлом; в финале указано «END OF CHAPTER ONE»; Подходит: да; Хук: первые 1–3 секунды — чёрный экран с последовательными титрами «451° channel» и «presents»; Конфликт: умирающий техасский городок, безработица и распад сообщества; семейное напряжение, отец недоволен бесперспективной жизнью, сын не хочет учиться; затем конфликт переходит в борьбу за выживание после падения инопланетных кораблей; Поворот: во время поездки матери и дочери горящие объекты оказываются инопланетными кораблями, один из которых рушится прямо перед их машиной; Финал: Сьюзи подходит к чёрной сфере со светящимися символами, касается её, и сфера превращается в вращающийся синий портал; затем титр «END OF CHAPTER ONE»; Соседний эпизод: https://www.youtube.com/watch?v=4hzQvxgliMw",https://www.youtube.com/watch?v=WjsPTMT8Vcw\nhttps://www.youtube.com/@451degree\nhttps://www.youtube.com/oembed?url=https://www.youtube.com/watch?v=WjsPTMT8Vcw&format=json\nhttps://www.google.com/search?q=WjsPTMT8Vcw,"высокое — заголовок, канал, дату, просмотры, длительность и соседний эпизод подтверждает открытая страница YouTube, подписчиков — страница канала с округлённым отображением 15.9K, а сюжет и серийность дополнительно проверены по самому публичному видео.",
https://www.youtube.com/watch?v=XSFSg_h0Kcs,"Канал: Cat Dog Diary (URL канала: https://www.youtube.com/@CatDogDiary-6868); Язык: другой; Заголовок: My Rescue Puppy Finally Won Over This Terrified Rescue Kitten; Дата: 2026-08-11; Просмотры: не найдено; Подписчики: не найдено; Длительность_с: 273; Тип: другое; Серийность: да — повторяющиеся персонажи: серо-белая кошка и коричневый щенок; канал публикует повторяющиеся истории об их взаимодействии; Подходит: да; Хук: в первые 1–3 секунды серо-белая кошка и коричневый щенок лежат на белом покрывале, между ними розовый рельефный мячик; кошка касается мяча лапой, щенок смотрит на неё и виляет хвостом; Конфликт: игровое, неагрессивное противостояние — активный щенок пристаёт к кошке, кошка отмахивается и кусает, также возникает соперничество вокруг розового мячика; Поворот: после игр, бега и лёгких стычек динамика меняется на мирное совместное пребывание и сон; Финал: крупный план — кошка и щенок спят вместе в серой пушистой лежанке, лапа щенка лежит поверх кошки; Соседний эпизод: https://www.youtube.com/watch?v=3ocjNDWp0tA",https://www.youtube.com/watch?v=XSFSg_h0Kcs\nhttps://www.youtube.com/@CatDogDiary-6868\nhttps://www.youtube.com/@CatDogDiary-6868/videos\nhttps://www.youtube.com/watch?v=3ocjNDWp0tA\nhttps://www.youtube.com/watch?v=7h2ImYgKSKw\nhttps://www.youtube.com/oembed?url=https://www.youtube.com/watch?v=XSFSg_h0Kcs&format=json,"среднее — заголовок, канал, дата, длительность, повторяющиеся персонажи и сюжет подтверждены открытыми источниками и анализом самого ролика, но текущие просмотры и подписчики не удалось надёжно подтвердить из-за недоступности полной страницы YouTube и противоречивых поисковых сниппетов.",
https://www.youtube.com/watch?v=YNiOqlkbk9M,"Канал: Matthew Raymond Extra (@MatthewRaymondExtra), URL канала: https://www.youtube.com/channel/UCq4F5g76v_gU3ALL8ORXxEA; Язык: en; Заголовок: Tyrone Gets a Job! (GTA 5 Chaos😳); Дата: 2026-08-16; Просмотры: 5300; Подписчики: 94200; Длительность_с: 1043; Тип: другое; Серийность: да — повторяющийся персонаж Tyrone, постоянный мультяшный маскот и повторяющийся игровой/комедийный формат GTA; Подходит: да; Хук: в первые 1–3 секунды лысый игровой персонаж в красной футболке и камуфляжном жилете бежит по дороге и наступает на кролика; присутствуют мультяшный маскот и краткий оверлей с лицом ведущего, закадровый голос сообщает о случившемся; Конфликт: Tyrone пытается выполнять игровые криминальные/рабочие задания, но игрок Jayden (Jayden_g15) преследует его, сбивает, расстреливает и срывает миссии; Поворот: после серии неудач Tyrone решает оставить криминальные задания, переодевается пожарным, угоняет пожарную машину и пытается тушить горящие мусорные баки; Финал: мирная попытка также проваливается — Tyrone угоняет полицейский автомобиль, начинается погоня, NPC-полиция расстреливает машину, появляется «Wasted», затем следует призыв подписаться и брендированное аутро «MATTHEW RAYMOND»; Соседний эпизод: https://www.youtube.com/watch?v=F8FvKPi1kYs",https://www.youtube.com/watch?v=YNiOqlkbk9M\nhttps://www.youtube.com/channel/UCq4F5g76v_gU3ALL8ORXxEA/videos\nhttps://www.youtube.com/c/matthewraymondextra\nhttps://www.youtube.com/c/MatthewRaymond,"высокое — заголовок, канал, дата, длительность, просмотры, подписчики и соседний эпизод подтверждены открытыми страницами YouTube; сюжетные поля дополнительно проверены просмотром ролика, а просмотры и подписчики указаны в округлённом публичном отображении YouTube.",
https://www.youtube.com/watch?v=Zot2rVsMuBQ,"Канал: Cat Dog Diary (URL канала: https://www.youtube.com/channel/UCmzO97ypyUKqA1pGEAzmmGA); Язык: en; Заголовок: My Terrified Rescue Kitten Finally Did This Around My Rescue Puppy; Дата: 2026-08-17; Просмотры: 19443; Подписчики: 29500; Длительность_с: 256; Тип: другое; Серийность: повторяющиеся персонажи — спасённый серый котёнок и спасённый щенок, а также несколько соседних роликов Cat Dog Diary с теми же героями/темой знакомства и привыкания; Подходит: да; Хук: в первые 1–3 секунды щенок подбегает к спокойно лежащему серому котёнку на лежанке и сразу начинает игривую борьбу; Конфликт: щенок активно пристаёт и борется с котёнком, питомцы катаются, кусаются в игре и делят игрушки, при этом котёнок то отбивается, то перехватывает инициативу; Поворот: примерно на 3:38 после долгой возни оба резко прекращают игру, щенок ложится на спину, а котёнок устраивается рядом; Финал: оба питомца успокаиваются и дремлют вместе, щенок на спине, котёнок рядом, крупный план мирного сна; Соседний эпизод: https://www.youtube.com/watch?v=EjeIZGizXp8",https://www.youtube.com/watch?v=Zot2rVsMuBQ\nhttps://m.youtube.com/watch?v=Zot2rVsMuBQ\nhttps://www.youtube.com/channel/UCmzO97ypyUKqA1pGEAzmmGA\nhttps://www.youtube.com/@CatDogDiary-6868/videos\nhttps://www.youtube.com/watch?v=EjeIZGizXp8\nhttps://www.youtube.com/watch?v=wNDDoOrs-9Y\nhttps://www.youtube.com/watch?v=-EfPwPNCNZo,"среднее — заголовок, канал, дата, длительность, просмотры, подписчики и описание подтверждены открытой страницей YouTube, сюжет — визуальным анализом ролика, но прямой странице на момент проверки показывалась verification dialog, а независимый трекер с полными метриками не найден.",
https://www.youtube.com/watch?v=Zs6UDYnmKZA,"Канал: ANOMALY | Original Series (URL канала: https://www.youtube.com/@AnomalyUFOSeries); Язык: en; Заголовок: ANOMALY | EPISODE 1 | USO; Дата: 2026-02-26; Просмотры: не найдено; Подписчики: не найдено; Длительность_с: 749; Тип: другое; Серийность: серийный короткометражный эпизод; на YouTube-канале опубликованы Episode 1 USO, Episode 2 RAVEN и Episode 3 TR-3B; повторяющиеся элементы/персонажи включают Amber и общую вселенную ANOMALY; Подходит: да; Хук: чёрный экран с текстом «71% OF PLANET EARTH IS OCEAN» и «OVER 80% OF IT REMAINS UNEXPLORED», на фоне низкий зловещий гул; Конфликт: remote viewer по координатам из запечатанного конверта пытается описать подводную цель, испытывая холод и давление; он теряет связь, затем описывает массивный быстро движущийся объект, который не похож на животное или подводную лодку; Поворот: видение remote viewer получает визуальное подтверждение, когда над океаном рядом с серфером появляется гигантский гладкий капсульный объект; Финал: серфер наблюдает зависший над водой объект, после чего следует монтаж газетных заголовков, документов CIA/Star Gate, изображений предполагаемой подводной базы у Малибу и стилизованной военной съёмки капсульного «Тик-Така» с титрами; Соседний эпизод: https://www.youtube.com/watch?v=L-ZHPlVa4do",https://www.youtube.com/watch?v=Zs6UDYnmKZA\nhttps://www.youtube.com/@AnomalyUFOSeries\nhttps://www.imdb.com/title/tt42357340/\nhttps://www.youtube.com/watch?v=L-ZHPlVa4do,"высокое — заголовок, канал, дату, серийность, соседний эпизод и сюжетные признаки подтверждены прямой страницей/каналом, IMDb и анализом самого видео; YouTube показывал только округлённые 1.3M просмотров и 76.6K подписчиков, поэтому точные числа не подставлены.",
https://www.youtube.com/watch?v=_hTSrSkntEI,"Канал: AI Fun Cartoons; Язык: en; Заголовок: “The Dream Machine 😴 | Funny Puppy & Robot Adventure | AI Fun Cartoons Episode 3 #viralvideo; Дата: не найдено; Просмотры: 12; Подписчики: 118; Длительность_с: 361; Тип: другое; Серийность: серийный мультфильм, Episode 3; повторяющиеся персонажи — щенок Max, робот R2 и синяя птичка Luna; подтверждённые соседние эпизоды Episode 1 и Episode 2; Подходит: да; Хук: в первые 1–3 секунды показан спящий щенок Max в красной будке, закадровый голос говорит, что некоторые сны кажутся слишком реальными; Конфликт: робот сканирует спящего щенка, тот исчезает во вспышке, после чего R2 и Luna входят через Dream Machine в непредсказуемый мир снов и сталкиваются с нарушенной гравитацией, ожившими пончиками и монстрами; Поворот: в мире снов появляется предупреждение LOW BATTERY, пространство начинает разрушаться и распадаться на разноцветные кубики/пиксели, героям приходится спасаться через радужный портал; Финал: герои выбираются в реальный мир, затем показана нарезка новых приключений и экран Coming Soon с анонсом Episode 4 и призывом подписаться; Соседний эпизод: https://www.youtube.com/watch?v=FJ0Ca98owYs",https://www.youtube.com/watch?v=_hTSrSkntEI\nhttps://www.youtube.com/@AIFunCartoons-i4n/videos\nhttps://www.youtube.com/watch?v=FJ0Ca98owYs\nhttps://www.youtube.com/watch?v=6snspcdcch8,"высокое — заголовок, канал, подписчики, просмотры, длительность и серийность подтверждены страницами YouTube, сюжет проверен просмотром/мультимодальным анализом ролика, но точная дата публикации публично не извлеклась из-за ограничения YouTube для неавторизованного просмотра.",
https://www.youtube.com/watch?v=eNogxi2tj8Y,"Канал: AI Fun Cartoons (URL канала: https://www.youtube.com/@AIFunCartoons-i4n); Язык: en; Заголовок: 😂 Lazy Boy vs Angry Remote & Coffee Mug’s Revenge ☕ | Talking Objects Universe Ep. 3 & 4#viralvideo; Дата: не найдено; Просмотры: 11; Подписчики: 118; Длительность_с: 193; Тип: другое; Серийность: Talking Objects Universe, двойной выпуск Ep. 3 & 4; повторяющиеся архетипы/персонажи — ленивый мальчик/человек и ожившие предметы (пульт, кружка, будильник, ноутбук); в финале прямо анонсирован следующий эпизод про ответный удар будильника; Подходит: да; Хук: в первые 1–3 секунды мальчик в синей пижаме лежит на оранжевом диване, рядом плачущее антропоморфное оранжевое существо, а на фоне телевизор с сердитым лицом; Конфликт: ленивые люди пытаются бездействовать и уклоняться от дел, тогда как ожившие предметы быта требуют активности/пробуждения/работы и противостоят им; Поворот: единого сквозного поворота не найдено — это компиляция коротких скетчей; в отдельных сценах предметы начинают физически воздействовать на людей или саботировать их, включая пульт, заставляющий мальчика двигаться, и кружку, намеренно выливающую кофе; Финал: мальчик сидит за ноутбуком рядом с антропоморфными кружкой и будильником; на экране появляется персонаж в кепке и говорит «Next episode, the alarm clock strikes back», после чего будильник и кружка смеются, а мальчик вздыхает; Соседний эпизод: https://www.youtube.com/watch?v=ntva7eQ5I0w",https://www.youtube.com/watch?v=eNogxi2tj8Y\nhttps://www.youtube.com/@AIFunCartoons-i4n/videos\nhttps://www.youtube.com/watch?v=ntva7eQ5I0w,"высокое — заголовок, канал, URL канала, просмотры, подписчики и длительность подтверждены открытыми страницами YouTube, сюжет и язык дополнительно проверены анализом самого ролика, но точная дата публикации публично не отображалась из-за ограничения страницы.",
https://www.youtube.com/watch?v=eQVefCEDS1Q,"Канал: Jokes of the 13th school (@schooljokes), URL канала: https://www.youtube.com/@schooljokes; Язык: ru; Заголовок: POSED AS A TEACHER! 🤯 Nastya Zavadskaya declared WAR and an obtuse angle (Episode 298) \""Pranks of School 13\""; Дата: 2026-07-13; Просмотры: 229; Подписчики: 8350; Длительность_с: 418; Тип: другое; Серийность: да — Episode 298 проекта «Приколы 13-й школы»; в ролике прямо заявлена очередная серия, проект имеет повторяющихся школьных персонажей и канал ведёт многосерийный сериал; Подходит: да; Хук: в первые 1–3 секунды девушка-подросток за школьной партой обращается к зрителям по-русски («Привет, ребята! Вы знаете, мы тут как-то посчитали…»), пока на фоне кривляется парень в очках; Конфликт: ролик-альманах из трёх школьных скетчей: ученики не верят новому молодому человеку, что он учитель; учитель требует от Мосина объяснить пустые места и незнание геометрии; ученики обсуждают расставание пары из параллельного класса; Поворот: комедийные панчлайны в конце скетчей — молодой учитель доказывает статус фразой «А голову ты дома не забыл?», пустое место в тетради оказывается «местом для рекламы», а расставание объясняется несовпадением «религиозных взглядов», потому что парень не признал девушку «богиней»; Финал: ведущие сообщают, что «очередная серия закончилась», прощаются, на фоне продолжаются школьные гэги, затем появляется заставка «Киноцентр Евгения Крыжановского»; Соседний эпизод: https://www.youtube.com/watch?v=ZJV7QsQWyKE",https://www.youtube.com/watch?v=eQVefCEDS1Q\nhttps://www.youtube.com/@schooljokes\nhttps://www.youtube.com/playlist?list=PLPDS-PI4mulfoVbknmTOjkgvABukm2OWP\nhttps://www.youtube.com/watch?v=ZJV7QsQWyKE\nhttps://www.kinopoisk.ru/series/4434017/,"среднее — заголовок, дата, длительность, просмотры и канал подтверждены открытой выдачей YouTube/страницей канала, а сюжет и серийность проверены анализом самого ролика; прямая страница ролика была ограничена антибот-проверкой, поэтому независимый трекер и точный публичный счётчик на самой watch-странице не подтверждены.",
https://www.youtube.com/watch?v=f6Fcisl3_eg,"Канал: Matthew Raymond Extra (URL канала: https://www.youtube.com/channel/UCq4F5g76v_gU3ALL8ORXxEA); Язык: en; Заголовок: Tyrone Becomes a Bad COP! 👮‍♂️ (GTA 5 Gameplay); Дата: 2026-07-21; Просмотры: 17000; Подписчики: 92900; Длительность_с: 1228; Тип: другое; Серийность: серийный/повторяемый формат GTA 5 с повторяющимся персонажем Tyrone и мультяшным аватаром Matthew Raymond; Подходит: да; Хук: в первые 1–3 секунды персонаж в красной футболке и камуфляжном жилете идёт по городской проезжей части, рядом проезжают полицейская и чёрная машины, внизу появляется мультяшный персонаж в полицейской фуражке; Конфликт: Tyrone пытается играть полицейского в GTA V, угоняет патрульные машины и останавливает водителей, но провоцирует хаос, перестрелки, полицейские преследования и смерти; Поворот: единого сюжетного твиста не обнаружено — комедийная эскалация строится на повторяющихся неудачах, включая гибель от полиции, аварий, других игроков и взрыв собственной машины; Финал: герой стоит у кирпичной стены, закадровый голос просит комментировать и подписаться, затем появляется заставка Matthew Raymond; Соседний эпизод: https://www.youtube.com/watch?v=YNiOqlkbk9M",https://www.youtube.com/watch?v=f6Fcisl3_eg\nhttps://www.youtube.com/channel/UCq4F5g76v_gU3ALL8ORXxEA\nhttps://www.youtube.com/watch?v=YNiOqlkbk9M\nhttps://www.youtube.com/c/MatthewRaymondExtra,"среднее — сюжет, язык, горизонтальный формат и длительность подтверждены анализом самого публичного видео, а дата, просмотры и подписчики взяты из открытых индексируемых страниц; прямая страница YouTube на момент проверки показывала антибот-блокировку.",
https://www.youtube.com/watch?v=f_PRmFegQC8,"Канал: @AI Движение; Язык: ru; Заголовок: кошки ставшие рабами леопардда 2; Дата: 2025-12-28; Просмотры: 1170; Подписчики: 43; Длительность_с: 57; Тип: Shorts; Серийность: 2-я серия; в начале ролика указано «2-Серия», в финале анонсирована 3-я серия после 20 лайков; повторяющиеся персонажи: антропоморфный леопард в шляпе/плаще, полосатый кот-рыцарь, крыса-маг и маленькие чёрные котята; Подходит: да; Хук: текстовая заставка «2-Серия», затем динамичная битва на мечах в лесу между леопардом и полосатым котом; Конфликт: полосатый кот побеждает леопарда и освобождает чёрных котят, после чего леопард и крыса-маг опасаются гнева неизвестного босса из-за вмешательства нового кота; Поворот: крыса/мышь-маг в тёмной пещере с помощью магического портала возвращает/призывает поверженного леопарда; Финал: леопард говорит, что у него есть «другой план», зловеще смеётся, затем ролик обрывается на призыве набрать 20 лайков для 3-й серии; Соседний эпизод: не найдено",https://www.youtube.com/watch?v=f_PRmFegQC8\nhttps://www.youtube.com/shorts/f_PRmFegQC8\nhttps://www.youtube.com/oembed?url=https://www.youtube.com/watch?v=f_PRmFegQC8&format=json\nhttps://www.youtube.com/@AIvideo123-k6t,"высокое — заголовок, канал, URL канала, язык, дата, просмотры, подписчики и длительность подтверждены открытым представлением YouTube/oEmbed; сюжет и серийность проверены по самому ролику, но URL соседней серии публично не найден.",
https://www.youtube.com/watch?v=gd2rGcZuRnw,"Канал: Сделай выбор (URL канала: https://www.youtube.com/channel/UCROwDE8oOWuIxOYN84JNbag); Язык: ru; Заголовок: Что ты выберешь? Часть 57 - Я вернулся #shorts; Дата: не найдено; Просмотры: 48000; Подписчики: 647000; Длительность_с: не найдено; Тип: Shorts; Серийность: да — в заголовке явно указана «Часть 57», канал описывает формат «Что ты выберешь?» и публикует новые видео ежедневно; Подходит: да; Хук: в первые 1–3 секунды показываются корова, лежащая на кровати, и спящий человек; звучит вопрос и появляется выбор «Спать на животе или Спать на спине»; Конфликт: сюжетного конфликта не найдено, форматный конфликт — необходимость выбирать между двумя противопоставленными вариантами; Поворот: не найдено — ролик линейно показывает последовательность вопросов «Что бы ты выбрал» на фоне геймплея Minecraft; Финал: ролик заканчивается после показа процентного соотношения голосов для последнего выбора «Иметь редкое имя ИЛИ Иметь популярное имя», без сюжетной развязки; Соседний эпизод: не найдено",https://www.youtube.com/watch?v=gd2rGcZuRnw\nhttps://www.youtube.com/channel/UCROwDE8oOWuIxOYN84JNbag\nhttps://www.tiktok.com/@sdelayvibor/video/7296430457342758176\nhttps://www.instagram.com/reel/CwDp3NJttVl/,"среднее — заголовок, канал, URL канала, язык, отображаемые просмотры и подписчики подтверждены прямой страницей YouTube и страницей канала, а сюжет и формат проверены анализом ролика; дата, точная длительность и URL соседнего эпизода публично не подтвердились.",
https://www.youtube.com/watch?v=hocHR87KGjQ,"Канал: ТВ3 - сериалы и шоу (URL канала: https://www.youtube.com/@tv3_international); Язык: ru; Заголовок: ГОРОДСКИЕ ЛЕГЕНДЫ: 1 сезон | 31 серия @tv3_international; Дата: 2025-08-21; Просмотры: не найдено; Подписчики: 200000; Длительность_с: 2721; Тип: другое; Серийность: серийный документально-мистический цикл «Городские легенды», 1 сезон, 31 серия; Подходит: да; Хук: не найдено; Конфликт: не найдено; Поворот: не найдено; Финал: не найдено; Соседний эпизод: https://www.youtube.com/watch?v=V5sDeQ4vbTU",https://www.youtube.com/watch?v=hocHR87KGjQ\nhttps://www.youtube.com/@tv3_international\nhttps://www.youtube.com/playlist?list=PLvgQgKz_pna3FHVOLYGujxnyn-1CVpx6G\nhttps://tv3.ru/video/tushino-v-poiskah-zakoldovannyh-sokrovisch,"среднее — заголовок, канал, язык, дата, длительность, серийность и соседний эпизод подтверждены открытыми страницами, но YouTube показал округлённые просмотры, а первые секунды, поворот и финал не удалось надёжно извлечь из публичной страницы.",
https://www.youtube.com/watch?v=j8GREAGOlIg,"Канал: Jokes of the 13th school (ПРИКОЛЫ 13й ШКОЛЫ); Язык: ru; Заголовок: 🤡 ПОЗОР ПИСАТЕЛЯ В ШКОЛЕ. 302я серия \""Приколы 13й школы\""; Дата: 2026-08-10; Просмотры: не найдено; Подписчики: не найдено; Длительность_с: 224; Тип: другое; Серийность: да — 302-я серия многосерийного юмористического формата «Приколы 13-й школы», с повторяющейся заставкой/ведущим Евгением Крыжановским и повторяющимися школьными персонажами; Подходит: да; Хук: на тёмном фоне со звёздами и киноплёнкой появляется мужчина в костюме и красном галстуке, затем заставка «Киноцентр Евгения Крыжановского представляет»; Конфликт: директор приводит в школьный литературный кружок настоящего писателя, а ученики по очереди хвастаются объёмом своих произведений; Поворот: мальчик заявляет, что написал роман на 283 страницы, но объясняет, что в середине книги лишь непрерывно читает звукоподражание скачущей лошади «Тыг-дык, тыг-дык…»; Финал: ошарашенный писатель передаёт букет учителю, прощается с директором и уходит, директор следует за ним, а дети смеются; Соседний эпизод: https://www.youtube.com/watch?v=E691Clj3uF0",https://www.youtube.com/watch?v=j8GREAGOlIg\nhttps://www.youtube.com/channel/UCrhfAcq-nNm_fUom6XU9heg\nhttps://www.youtube.com/channel/UCrhfAcq-nNm_fUom6XU9heg/about\nhttps://www.youtube.com/watch?v=E691Clj3uF0,"среднее — заголовок, канал, дата, длительность, серийность, соседний эпизод и сюжет подтверждены открытой страницей/индексацией и просмотром видеоряда, но текущие просмотры и подписчики публично надёжно не извлечены из-за блокировки страницы YouTube.",
https://www.youtube.com/watch?v=jMpYIMbcVgQ,"Канал: AI Fun Cartoons (URL канала: https://www.youtube.com/@AIFunCartoons-i4n); Язык: en; Заголовок: “Talking Objects Universe: Fan Exposes All + Mirror Roasts Everyone 😂🔥”; Дата: не найдено; Просмотры: не найдено; Подписчики: не найдено; Длительность_с: 192; Тип: другое; Серийность: да — ролик входит в повторяемую серию Talking Objects Universe; внутри видео явно объявлены Episode 8 и Episode 9, повторяются персонажи-мальчик, вентилятор, зеркало, расчёска и флакон духов; Подходит: да; Хук: в первые 1–3 секунды вращается потолочный вентилятор над спящим мальчиком, закадровый голос сообщает, что вентилятору надоели чужие глупости; Конфликт: ожившие предметы интерьера агрессивно «прожаривают» мальчика и друг друга, высмеивая сон, запах и причёску; Поворот: предметы начинают направлять «прожарку» друг на друга — зеркало сгибается после просьбы расчёски разоблачить его, затем критике подвергается флакон духов; Финал: зеркало объявляет Episode 9 и обещает «прожарить» весь гардероб, а мальчик и расчёска ждут, когда одежда начнёт плакать; Соседний эпизод: не найдено",https://www.youtube.com/watch?v=jMpYIMbcVgQ\nhttps://www.youtube.com/oembed?url=https://www.youtube.com/watch?v=jMpYIMbcVgQ&format=json\nhttps://www.youtube.com/@AIFunCartoons-i4n\nhttps://www.youtube.com/watch?v=ntva7eQ5I0w,"среднее — заголовок, канал, URL канала, длительность и серийность подтверждены прямым oEmbed/канальной страницей и анализом самого ролика, но YouTube был недоступен из-за страницы anti-bot, поэтому дата, текущие просмотры, подписчики и URL соседнего выпуска не найдены.",
https://www.youtube.com/watch?v=kw0iBjwDong,"Канал: Cat Dog Diary (URL канала: https://www.youtube.com/@CatDogDiary-6868); Язык: en; Заголовок: My Terrified Rescue Kitten Couldn't Resist My Rescue Puppy After Just 24 Hours; Дата: не найдено; Просмотры: не найдено; Подписчики: не найдено; Длительность_с: 311; Тип: другое; Серийность: да — ролик входит в повторяющуюся серию Cat Dog Diary о знакомстве и сближении спасённого котёнка и щенка; на странице канала рядом опубликованы ролики с теми же персонажами и повторяющейся сюжетной схемой; Подходит: да; Хук: в первые 1–3 секунды серо-белый котёнок и коричневый щенок-такса играют на белом коврике, котёнок встаёт на задние лапы и шутливо отбивается от щенка; Конфликт: котёнок и щенок активно борются, гоняются друг за другом и делят игрушки, поэтому их совместимость и переход от настороженности к доверию становятся центральным напряжением; Поворот: примерно на 03:58 активная игра прекращается, уставший щенок забирается в мягкую лежанку, затем к нему присоединяется котёнок; Финал: крупный план котёнка и щенка, мирно спящих, прижавшись друг к другу в лежанке; Соседний эпизод: https://www.youtube.com/watch?v=Zot2rVsMuBQ",https://www.youtube.com/watch?v=kw0iBjwDong\nhttps://www.youtube.com/oembed?url=https://www.youtube.com/watch?v=kw0iBjwDong&format=json\nhttps://www.youtube.com/@CatDogDiary-6868/videos\nhttps://www.youtube.com/@CatDogDiary-6868/about\nhttps://www.youtube.com/channel/UCmzO97ypyUKqA1pGEAzmmGA\nhttps://www.youtube.com/watch?v=Zot2rVsMuBQ,"среднее — заголовок, канал, URL канала, длительность, язык, формат и сюжет подтверждены страницей ролика/канала и визуальным анализом, но точные дата публикации, текущие просмотры и число подписчиков публично отображались только относительно или округлённо и поэтому помечены как не найдено.",
https://www.youtube.com/watch?v=mG7sxxfpl3w,"Канал: GoodShort Moments (https://www.youtube.com/@GoodShortMoments-1); Язык: en; Заголовок: Ungrateful family faces his wrath💥Found A Homeless Genius To Save My Company😈 #goodshort; Дата: 2026-04-25; Просмотры: 902153; Подписчики: не найдено; Длительность_с: 1751; Тип: вертикальный эпизод; Серийность: да — 2-й из 3 видео в публичном плейлисте Found A Homeless Genius To Save My Company; повторяющиеся персонажи Ethan Dalton и Richard Harrington; Подходит: да; Хук: в первые 1–3 секунды женщина в чёрном платье входит в помещение с телохранителями, один телохранитель поднимает с колен мужчину в коричневом костюме; Конфликт: компания Richard Harrington на грани банкротства, приёмные дети вместе с соперником Samuel West пытаются отобрать её, пока Richard ищет деньги для сотрудников и лечения жены; Поворот: в момент, когда Richard готов подписать передачу компании, появляется CEO Ethan Dalton, оказавшийся мальчиком, которому Richard помог 15 лет назад; Финал: личность Ethan раскрыта, противники потрясены, их план рушится, ролик заканчивается клиффхэнгером и логотипом приложения; Соседний эпизод: https://www.youtube.com/watch?v=SXcABNri7Dc",https://www.youtube.com/watch?v=mG7sxxfpl3w\nhttps://www.youtube.com/playlist?list=PLsayEnmpsGe-n7X42EN64kZKe6ptj7S4j\nhttps://www.youtube.com/@GoodShortMoments-1\nhttps://www.goodshort.com/drama/found-a-homeless-genius-to-save-my-company-31001349156,"высокое — заголовок, канал, дата, просмотры и длительность подтверждены страницей YouTube, серийность и соседние эпизоды публичным плейлистом, а сюжетные признаки проверены по описанию и анализу доступного видеоряда; точное число подписчиков публично не показано.",
https://www.youtube.com/watch?v=nDV3aylmJXk,"Канал: Cat Dog Diary (URL канала: https://www.youtube.com/channel/UCmzO97ypyUKqA1pGEAzmmGA); Язык: en; Заголовок: My Terrified Rescue Kitten and Puppy: 24 Hours to Their First Nap Together; Дата: не найдено; Просмотры: не найдено; Подписчики: не найдено; Длительность_с: 255; Тип: другое; Серийность: повторяемый формат историй о знакомстве и сближении спасённых котят/щенков; на странице ролика отображаются другие эпизоды Cat Dog Diary с теми же повторяющимися персонажами и мотивами, включая ролик про первую встречу щенка и котёнка; Подходит: да; Хук: в первые 1–3 секунды коричневый щенок делает резкие игровые выпады к маленькому рыжему котёнку, а котёнок отбивается лапой; Конфликт: гиперактивный щенок настойчиво преследует и тормошит котёнка, тогда как котёнок обороняется, шипит и пытается уйти; Поворот: примерно с 03:33 щенок перестаёт преследовать котёнка и спокойно лежит в лежанке, после чего около 03:43 котёнок сам подходит и забирается к нему; Финал: котёнок прижимается к щенку, и оба мирно засыпают вместе в одной лежанке; Соседний эпизод: https://www.youtube.com/watch?v=7h2ImYgKSKw",https://www.youtube.com/watch?v=nDV3aylmJXk\nhttps://www.youtube.com/channel/UCmzO97ypyUKqA1pGEAzmmGA\nhttps://www.youtube.com/@CatDogDiary-6868/videos\nhttps://www.youtube.com/watch?v=7h2ImYgKSKw\nhttps://www.youtube.com/watch?v=oQc5kD7UCBo,"среднее — заголовок, канал, отображаемые на странице просмотры/подписчики, соседние эпизоды и сюжет сверены по открытым источникам, но точная дата и точные числовые значения просмотров/подписчиков публично не раскрыты в доступном срезе.",
https://www.youtube.com/watch?v=nT20jRkkM9A,"Канал: Яндекс Go (URL: https://www.youtube.com/@yandextaxi); Язык: ru; Заголовок: Мини-сериал Алиса | S1E3 | Старик и автопилот; Дата: 2020-04-16; Просмотры: 280746; Подписчики: не найдено; Длительность_с: 735; Тип: другое; Серийность: Да — третий эпизод мини-сериала из пяти эпизодов «Алиса», с повторяющимся бортовым компьютером Алиса; Подходит: да; Хук: первые 1–3 секунды — чёрный экран с маркировкой «12+», затем последовательно появляются логотипы Яндекс Такси, Medialab, screenlife, Bazelevs и SXSW 2020; Конфликт: пожилой пассажир Семён Игнатьевич, бывший водитель, конфликтует с беспилотным такси и современными технологиями, а также раздражается на внука Митю, который не отрывается от планшета; Поворот: примерно с 07:50 автомобиль в лесу глохнет, загораются индикаторы неисправности, а Алиса сообщает о системном сбое и прибытии аварийной службы через 49 минут; Финал: дед устраняет неисправность вне видимости камеры, занимает водительское место и вручную довозит внука, после чего Алиса благодарит его и ставит Семёну Игнатьевичу оценку «5 звёзд»; Соседний эпизод: https://www.youtube.com/watch?v=RHha8JchjQ4",https://www.youtube.com/watch?v=nT20jRkkM9A\nhttps://www.youtube.com/playlist?list=PLlxU5Jubs4PUWN8jiTK-WxRMRwpV7nNjc\nhttps://www.youtube.com/watch?v=RHha8JchjQ4\nhttps://www.youtube.com/@yandextaxi\nhttps://vk.com/video-163599891_456239063\nhttps://ok.ru/video/1977940054438,"высокое — заголовок, канал, дата, просмотры, длительность, описание конфликта и серийность подтверждены прямой страницей/плейлистом YouTube и независимыми открытыми страницами; точное число подписчиков недоступно, поскольку YouTube показывает только округлённое значение 51.8K.",
https://www.youtube.com/watch?v=nYn2Q6IAkQQ,"Канал: Matthew Raymond (URL канала: https://www.youtube.com/@MatthewRaymond); Язык: en; Заголовок: Tyrone Got EXPELLED! (Pt. 2) 😡🚌; Дата: не найдено; Просмотры: не найдено; Подписчики: не найдено; Длительность_с: 869; Тип: другое; Серийность: да — в заголовке прямо указано Pt. 2, описание на YouTube называет ролик второй частью истории об исключении Tyrone; повторяющиеся персонажи: Tyrone, LaBoogie, Tutor Thomas и другие персонажи семейной/школьной вселенной Matthew Raymond; Подходит: да; Хук: в первые 1–3 секунды заявляется, что это вторая часть истории об исключении Tyrone, показываются анимированные персонажи и сообщается, что семья устала от репетитора Thomas и пытается от него избавиться; Конфликт: семья безуспешно пытается прогнать или уволить репетитора Thomas, после чего добивается возвращения Tyrone в школу; Поворот: план с необычным блюдом для директора срабатывает, Tyrone принимают обратно, но в школе он обнаруживает, что Tutor Thomas стал новым помощником учителя; Финал: Tutor Thomas радостно приветствует класс, играя на барабане, Tyrone в ужасе кричит, после чего появляется голосование за тему следующего сериала; Соседний эпизод: https://www.youtube.com/watch?v=Zt-TV7FNa44",https://www.youtube.com/watch?v=nYn2Q6IAkQQ\nhttps://www.youtube.com/@MatthewRaymond/videos\nhttps://www.youtube.com/@MatthewRaymond\nhttps://www.youtube.com/watch?v=Zt-TV7FNa44,"среднее — заголовок, канал, URL канала, округлённые публичные метрики, описание и серийность подтверждены страницами YouTube, сюжет проверен анализом самого ролика, но точная дата и неокруглённые текущие просмотры/подписчики не были публично доступны в открытой выдаче.",
https://www.youtube.com/watch?v=ns_Edd-1hiI,"Канал: XCVmind (URL канала: https://www.youtube.com/@XCVmind); Язык: ru; Заголовок: Аномалия (1-4) серии; Дата: не найдено; Просмотры: не найдено; Подписчики: не найдено; Длительность_с: 840; Тип: другое; Серийность: сборник/компиляция серий 1–4 веб-сериала «Аномалия»; повторяющиеся персонажи: Алиса, рыжий кот, отец, бабушка, дедушка и трое мужчин; Подходит: да; Хук: в первые 1–3 секунды быстрая нарезка — девушка в душе, белая «Нива» на фоне красного неба и гигантского парящего куба, многоногий монстр преследует машину, девушка с киркой у разрытой земли; на кадрах надпись «АНОМАЛИЯ»; Конфликт: 31 декабря 2007 года в Новосибирске начинается аномалия — гигантский чёрный куб, красные молнии, трещины и теневые монстры; Алиса пытается выжить, спасти кота и добраться до родственников, сталкиваясь также с вооружёнными людьми; Поворот: после побега из города и прибытия к бабушке и дедушке сосед приходит с ружьём и убивает их; Финал: Алиса хоронит бабушку и дедушку, остаётся в деревне с котом и в слезах спрашивает «Что мне делать, пап?», после чего идут титры; Соседний эпизод: https://www.youtube.com/watch?v=JK_ACLIqAmM",https://www.youtube.com/watch?v=ns_Edd-1hiI\nhttps://www.youtube.com/@XCVmind/videos\nhttps://www.youtube.com/@XCVmind\nhttps://www.youtube.com/oembed?url=https://www.youtube.com/watch?v=ns_Edd-1hiI&format=json\nhttps://www.youtube.com/watch?v=JK_ACLIqAmM,"среднее — заголовок, канал, длительность, сюжет и соседний эпизод подтверждены открытой страницей YouTube/канала и визуальным анализом ролика, но YouTube показал только округлённые просмотры и подписчиков, а точная дата публикации публично не извлеклась.",
https://www.youtube.com/watch?v=ntva7eQ5I0w,"Канал: AI Fun Cartoons (URL канала: https://www.youtube.com/@AIFunCartoons-i4n); Язык: en; Заголовок: Talking Objects Universe 🎭 | Episode 1 & 2 | Funny Everyday Items 😂 | The Lazy Morning Chronicles ☕🪥; Дата: 2025-10-27; Просмотры: 60; Подписчики: 118; Длительность_с: 192; Тип: другое; Серийность: да — серия Talking Objects Universe, в ролике объединены Episode 1 и Episode 2; повторяющиеся персонажи/объекты: мальчик и говорящие бытовые предметы, включая чашку, зубную щётку и зеркало; Подходит: да; Хук: не найдено — первые 1–3 секунды напрямую не подтверждены доступными публичными данными; Конфликт: по описанию, утренний спор «ленивой чашки» и «сердитой зубной щётки», затем разногласия команды о гигиене, кофе и командной работе; Поворот: не найдено — отдельный сюжетный поворот в доступном публичном описании не выделен; Финал: не найдено — описание содержит призыв смотреть до конца, но фактическая развязка не подтверждена; Соседний эпизод: https://www.youtube.com/watch?v=eNogxi2tj8Y",https://www.youtube.com/watch?v=ntva7eQ5I0w\nhttps://www.youtube.com/@AIFunCartoons-i4n\nhttps://m.youtube.com/@AIFunCartoons-i4n/videos?view=0&sort=dd&shelf_id=2\nhttps://www.youtube.com/watch?v=eNogxi2tj8Y\nhttps://www.youtube.com/watch?v=6SL5gsfPEMY,"высокое — заголовок, канал, URL канала, дата, просмотры, подписчики, длительность и серийность подтверждены публичными страницами YouTube; детали первых секунд, поворота и финала не доступны в подтверждаемом открытом описании и поэтому помечены как «не найдено».",
https://www.youtube.com/watch?v=oAHFV0URwZg,"Канал: ИИ Сериалы (AI Series) — https://www.youtube.com/@Al-sEriesSS; Язык: ru; Заголовок: Хроники потерянной секунды 1 серия; Дата: 2026-04-29; Просмотры: 1750; Подписчики: 17; Длительность_с: не найдено; Тип: Shorts; Серийность: да — ролик прямо помечен как «1 серия», на канале опубликованы последующие эпизоды с повторяющимся названием и персонажами Лео и Маи; Подходит: да; Хук: вертикальная заставка «Хроники потерянной секунды», «1 серия», затем мальчик-подросток и девочка Маи тянут друг у друга золотые карманные часы; Конфликт: Лео пытается забрать у Маи дедушкины часы, после чего бытовой спор переходит в мистическую угрозу; Поворот: Лео нажимает кнопку часов, они вспыхивают синим светом, Маи застывает, а часы темнеют и деформируются; Финал: в дверном проёме появляется чёрный дымовой портал и гигантская когтистая рука из чёрной материи и часовых шестерёнок, звучит «Время вышло, вор...», затем титр «ПРОДОЛЖЕНИЕ СЛЕДУЕТ...»; Соседний эпизод: https://www.youtube.com/shorts/Bpg3oPMg9IM",https://www.youtube.com/watch?v=oAHFV0URwZg\nhttps://www.youtube.com/shorts/oAHFV0URwZg\nhttps://www.youtube.com/@Al-sEriesSS/shorts\nhttps://www.youtube.com/shorts/Bpg3oPMg9IM\nhttps://www.youtube.com/oembed?url=https://www.youtube.com/watch?v=oAHFV0URwZg&format=json,"высокое — заголовок, канал, URL канала, дата, точные просмотры и подписчики подтверждены публичными страницами YouTube; длительность не отображалась, поэтому отмечена как «не найдено».",
https://www.youtube.com/watch?v=oQc5kD7UCBo,"Канал: Cat Dog Diary (URL канала: https://www.youtube.com/@CatDogDiary-6868); Язык: en; Заголовок: My Terrified Rescue Kitten “Tamed” My Rescue Puppy... Now He Thinks He's a Kitten!; Дата: 2026-08-20; Просмотры: 8421; Подписчики: не найдено; Длительность_с: 371; Тип: другое; Серийность: повторяющиеся персонажи — серо-белый кот и коричневый щенок таксы; ролик относится к повторяемой серии историй Cat Dog Diary, что подтверждается соседними роликами канала и водяным знаком «YouTube Cat Dog Diary»; Подходит: да; Хук: в первые 1–3 секунды серо-белый кот на спинке серого дивана бьёт лапой коричневого щенка таксы, который тянется к нему; Конфликт: щенок и кот активно борются и играют — щенок напрыгивает и покусывает кота, кот отбивается лапами (0:00–2:31), затем взаимодействие продолжается на ковре (2:32–5:15); Поворот: активная борьба сменяется сценой отдыха — щенок ложится в зелёную лежанку, кот с столика трогает его за хвост и ещё немного дразнит, после чего теряет интерес и уходит (5:16–5:54); Финал: щенок остаётся один в зелёной лежанке, кладёт морду на бортик, моргает и засыпает (5:55–6:11); Соседний эпизод: https://www.youtube.com/watch?v=-EfPwPNCNZo",https://www.youtube.com/watch?v=oQc5kD7UCBo\nhttps://www.youtube.com/oembed?url=https://www.youtube.com/watch?v=oQc5kD7UCBo&format=json\nhttps://www.youtube.com/@CatDogDiary-6868\nhttps://www.youtube.com/watch?v=-EfPwPNCNZo,"высокое — заголовок, канал, URL канала, дату, просмотры и длительность сверены по открытой странице YouTube и oEmbed; число подписчиков не указано, поскольку страница показывает только округлённое «29.5K», а сюжет и серийность проверены визуальным анализом ролика и соседним видео.",
https://www.youtube.com/watch?v=pGeroKHnwZA,"Канал: Сделай выбор (@sdelayvibor; URL канала: https://www.youtube.com/@sdelayvibor); Язык: ru; Заголовок: Что ты выберешь? Часть 9 #shorts; Дата: 2023-07-11; Просмотры: 326000; Подписчики: 647000; Длительность_с: 38; Тип: Shorts; Серийность: да — выпуск с явной маркировкой «Часть 9», повторяемый формат опросов «Что ты выберешь?»; Подходит: да; Хук: с первых секунд зрителю предлагают выбрать между «выдавить прыщ» и «не трогать его», поверх фонового геймплея Fall Guys; Конфликт: последовательность бинарных дилемм, включая разбитое стекло или раскалённые угли, президента маленького государства или мэра мегаполиса и другие пары; Поворот: не найдено — сюжетного твиста нет, ролик линейно сменяет вопросы; Финал: последний выбор — «верить в экстрасенсов» или «просидеть в ванне с тараканами», после чего показываются 10%/90%, а персонаж Fall Guys проваливается вниз и ролик обрывается; Соседний эпизод: не найдено",https://www.youtube.com/watch?v=pGeroKHnwZA\nhttps://www.youtube.com/@sdelayvibor\nhttps://www.youtube.com/results?search_query=%40sdelayvibor+%22%D0%A7%D1%82%D0%BE+%D1%82%D1%8B+%D0%B2%D1%8B%D0%B1%D0%B5%D1%80%D0%B5%D1%88%D1%8C%22+%22%D0%A7%D0%B0%D1%81%D1%82%D1%8C+8%22\nhttps://www.youtube.com/oembed?url=https://www.youtube.com/watch?v=pGeroKHnwZA&format=json,"среднее — заголовок, канал, дата и индексированные просмотры подтверждены открытыми страницами, канал и содержание проверены напрямую, но YouTube ограничил автоматический доступ к странице ролика, а соседний эпизод и независимый трекер не подтверждены.",
https://www.youtube.com/watch?v=qntgZzuPCOI,"Канал: XCVmind (URL канала: https://www.youtube.com/@XCVmind); Язык: ru; Заголовок: ANOMALY, Season 1, Episode 3: The Village; Дата: 2026-05-28; Просмотры: 20999; Подписчики: 53100; Длительность_с: 207; Тип: другое; Серийность: да — 3-я серия 1-го сезона вертикальной мини-драмы «Аномалия»; повторяющиеся персонажи: Алиса, рыжий кот, бабушка, дедушка и сосед; на канале также опубликованы серии 1, 2, 4, 5 и 6, а ролик входит в плейлист «Аномалия»; Подходит: да; Хук: титр «АНОМАЛИЯ 3 серия» на фоне гигантского паукообразного монстра, затем Алиса на белой «Ниве» спасается от чудовища на заснеженной дороге; Конфликт: выживание Алисы и семьи после глобальной катастрофы с гигантскими монстрами, включая требование отчаявшегося соседа отдать машину для побега; Поворот: бабушка передаёт Алисе коробку из-под лото и сообщает, что Паша просил отдать её «на случай, если что-то случится», что намекает на осведомлённость отца о катастрофе; Финал: Алиса отдыхает в доме с рыжим котом, после внезапного взрыва/удара резко открывает глаза, и серия обрывается на клиффхэнгере перед логотипом и титрами; Соседний эпизод: https://www.youtube.com/watch?v=JK_ACLIqAmM",https://www.youtube.com/watch?v=qntgZzuPCOI\nhttps://www.youtube.com/@XCVmind/videos\nhttps://www.youtube.com/watch?v=JK_ACLIqAmM\nhttps://www.youtube.com/watch?v=RNb_bR1yaaU\nhttps://www.youtube.com/playlist?list=PLSJw7MbrY-Q7RgB1Z4s0MKC1rmvtlStMW\nhttps://www.youtube.com/oembed?url=https://www.youtube.com/watch?v=qntgZzuPCOI&format=json,"высокое — заголовок, дата, просмотры, длительность, подписчики, описание и серийность подтверждены прямой страницей YouTube и страницей канала; сюжет дополнительно проверен визуально-звуковым анализом, а точные числовые значения зафиксированы на срез 21.08.2026.",
https://www.youtube.com/watch?v=rwQpCR88ohM,"Канал: ИИ Сериалы (AI Series) (@Al-sEriesSS), URL канала: https://www.youtube.com/channel/UC3jiA7oD33682xW2T4AzbOQ; Язык: ru; Заголовок: Ии сериал Хроники потерянной секунды:Обратный отсчёт 3 серия #shorts#3d#shortvideo#; Дата: не найдено; Просмотры: 885; Подписчики: 17; Длительность_с: 75; Тип: Shorts; Серийность: да — 3-я серия повторяемого сериала «Хроники потерянной секунды», с персонажами Лео, Майя и говорящим лисёнком; Подходит: да; Хук: в первые 1–3 секунды Лео держит светящиеся голубым светом карманные часы, а говорящий лисёнок обвиняет его в «украденной секунде»; Конфликт: Лео запускает механизм часов, начинается магическая катастрофа, Майя уменьшается, а в комнате появляется приближающийся силуэт рогатого монстра; Поворот: дети понимают, что исчезла мама, а магия часов иссякает и лисёнок теряет силу; Финал: дети и лисёнок остаются в темноте, звучит злодейский смех, экран гаснет с надписью «ПРОДОЛЖЕНИЕ СЛЕДУЕТ...»; Соседний эпизод: https://www.youtube.com/shorts/Bpg3oPMg9IM",https://www.youtube.com/watch?v=rwQpCR88ohM\nhttps://www.youtube.com/oembed?url=https://www.youtube.com/watch?v=rwQpCR88ohM&format=json\nhttps://www.youtube.com/channel/UC3jiA7oD33682xW2T4AzbOQ/shorts\nhttps://www.youtube.com/shorts/Bpg3oPMg9IM,"среднее — название, канал, URL канала, просмотры, подписчики, серийность и соседний эпизод подтверждены открытыми страницами YouTube/oEmbed, длительность и сюжет — анализом самого видео, а дата публикации не была публично подтверждена.",
https://www.youtube.com/watch?v=vmqZ9petaGg,"Канал: My Drama Shorts (@MyDramaApp), URL канала: https://www.youtube.com/@MyDramaApp; Язык: en; Заголовок: Bound by Blood | Part 1 | My Drama; Дата: 2025-08-21; Просмотры: не найдено; Подписчики: 1350000; Длительность_с: не найдено; Тип: вертикальный эпизод; Серийность: Да — Part 1, сериал Bound by Blood; официальный плейлист содержит соседние части/сводные публикации, повторяющиеся персонажи Linda и Christopher; Подходит: да; Хук: в первые 1–3 секунды молодая женщина говорит мужчине «Твоя яичница готова. И я увольняюсь», снимает и бросает фартук; Конфликт: Linda устраивается в клинику «Центр крови», чтобы заработать на лечение больной няни, но её начальник Christopher — вампир, а в клинике ей приходится скрывать страх и противостоять враждебной коллеге; Поворот: Christopher находит старую фотографию маленькой Linda с няней и говорит «Значит, мы снова встретились», раскрывая их связь из прошлого; Финал: Linda прерывает Christopher, когда он собирается укусить сотрудницу; он хватает Linda, замечает её бейдж, его глаза светятся синим, и он приближается к её лицу — клиффхэнгер; Соседний эпизод: https://www.youtube.com/watch?v=cm9vQwQZ-xA",https://www.youtube.com/watch?v=vmqZ9petaGg\nhttps://www.youtube.com/@MyDramaApp\nhttps://www.youtube.com/playlist?list=PL6o0uj37FvQ-X4ggB2zVD-3irSYg3fBZ7\nhttps://www.youtube.com/watch?v=cm9vQwQZ-xA\nhttps://www.youtube.com/playlist?list=PLokooRAn2xvN3o4d-_E042HZeRZeWoJO_\nhttps://m.imdb.com/title/tt37582766/,"среднее — заголовок, канал, подписчики, серийность, сюжетные элементы и соседний эпизод подтверждены прямыми страницами YouTube и анализом ролика, но текущий точный счётчик просмотров и длительность на открытой странице не предоставлены из-за ограничения YouTube.",
https://www.youtube.com/watch?v=wNDDoOrs-9Y,"Канал: Cat Dog Diary; Язык: en; Заголовок: My Terrified Rescue Kittens Changed Completely After Just 24 Hours With My Rescue Puppy; Дата: 2026-08-19; Просмотры: не найдено; Подписчики: не найдено; Длительность_с: 292; Тип: другое; Серийность: да — повторяющиеся персонажи (коричневый щенок, серый полосатый котёнок и рыже-белый котёнок), канал публикует повторяемую серию историй о спасённых животных; Подходит: да; Хук: ролик начинается с того, что коричневый щенок активно запрыгивает на лежанку к двум котятам и провоцирует их на игру; Конфликт: гиперактивный щенок пытается играть с напуганными/сонными котятами, которые то отвечают ему, то терпят, то пытаются спать; Поворот: после нарезки бурных игровых сцен примерно на 0:51 происходит контрастный переход к мирно спящим вместе животным; Финал: щенок лежит рядом с серым котёнком, затем рыжий котёнок внезапно спрыгивает сверху, пугает щенка и убегает, после чего видео обрывается; Соседний эпизод: https://www.youtube.com/watch?v=3ocjNDWp0tA",https://www.youtube.com/watch?v=wNDDoOrs-9Y\nhttps://www.youtube.com/@CatDogDiary-6868\nhttps://www.youtube.com/@CatDogDiary-6868/videos\nhttps://www.youtube.com/@CatDogDiary-6868/about\nhttps://www.youtube.com/watch?v=3ocjNDWp0tA\nhttps://www.youtube.com/oembed?url=https://www.youtube.com/watch?v=wNDDoOrs-9Y&format=json,"среднее — заголовок, канал, URL канала, дату и сюжет подтверждены открытыми источниками и анализом ролика, но прямой YouTube-доступ был ограничен антибот-проверкой, а публичные поисковые сниппеты давали расходящиеся значения просмотров, поэтому просмотры и подписчики не указаны.",
https://www.youtube.com/watch?v=wWWS1Cqlgz4,"Канал: Matthew Raymond (URL канала: https://www.youtube.com/@MatthewRaymond); Язык: en; Заголовок: Happy Mother’s Day… sorry 😪💐; Дата: 2026-05-10; Просмотры: 74000; Подписчики: 2950000; Длительность_с: 535; Тип: другое; Серийность: да — повторяющиеся персонажи и семейный формат Matthew Raymond: Matthew, Marjorie, Tyrone, Jayda/LaBoogie и бабушка; Подходит: да; Хук: мужчина тревожно выглядывает из-за дверного косяка, за ним прячутся анимационные персонажи; он шёпотом спрашивает, где «она», и просит всех не испортить сюрприз; Конфликт: семья пытается устроить Марджори сюрприз на День матери, хотя она просила оставить её в покое и дать посмотреть телевизор, но каждая попытка превращается в катастрофу; Поворот: самодельное массажное кресло на базе инвалидной коляски выходит из-под контроля и вместе с Марджори пробивает стену; Финал: Марджори оказывается вверх ногами в проломе стены, а Тайрон невозмутимо включает ей желанный фильм и поздравляет с Днём матери; Соседний эпизод: https://www.youtube.com/watch?v=2lAnVjcO3K4",https://www.youtube.com/watch?v=wWWS1Cqlgz4\nhttps://www.youtube.com/@MatthewRaymond\nhttps://www.youtube.com/watch?v=2lAnVjcO3K4\nhttps://www.youtube.com/watch?v=g1D_DLmQidM,"высокое — заголовок, канал, отображаемые просмотры и подписчики подтверждены страницей YouTube, дата и длительность сопоставлены с открытой выдачей по точному ID, сюжет проверен по самому ролику; точные неокруглённые счётчики YouTube публично не показаны.",
https://www.youtube.com/watch?v=yg2obYRpJlk,"Канал: Утопия мини-дорам; Язык: ru; Заголовок: Они провели ночь вместе, а он оказался её боссом! Три встречи — и они срочно женятся, он её балует; Дата: 2026-02-10; Просмотры: не найдено; Подписчики: не найдено; Длительность_с: 7698; Тип: другое; Серийность: полнометражная сборка китайской вертикальной мини-драмы, опубликованная в формате «все серии сразу»; повторяемый формат канала подтверждён, но номер отдельной серии/части и повторяющиеся имена персонажей не найдены; Подходит: да; Хук: по заголовку — героиня и мужчина проводят ночь вместе, затем выясняется, что он её начальник; Конфликт: романтическая связь между героиней и её боссом, осложнённая неожиданным раскрытием его статуса и быстрым брачным решением; Поворот: мужчина, с которым героиня провела ночь, оказывается её боссом; Финал: по публичному заголовку/описанию заявлено, что они срочно женятся и он её балует; фактическая финальная сцена не подтверждена из-за недоступности видеопотока; Соседний эпизод: https://www.youtube.com/playlist?list=PL4QNYj08YXk9N9yibljSZNrpkNjFEcwr9",https://www.youtube.com/watch?v=yg2obYRpJlk\nhttps://www.youtube.com/channel/UCpGbvKIsESimEyk9Oydm7IA\nhttps://www.youtube.com/@%E7%9F%AD%E5%89%A7%E7%83%8F%E6%89%98%E9%82%A6Shorttopia/featured\nhttps://www.youtube.com/playlist?list=PL4QNYj08YXk9N9yibljSZNrpkNjFEcwr9\nhttps://www.youtube.com/oembed?url=https://www.youtube.com/watch?v=yg2obYRpJlk&format=json,"среднее — заголовок, канал, URL канала, дату, длительность и серийный формат удалось подтвердить открытыми страницами и oEmbed, но YouTube блокировал прямой просмотр, поэтому точные текущие просмотры/подписчики и фактические первые секунды и финальная сцена не подтверждены.",
https://www.youtube.com/watch?v=yiXbuxb0zFQ,"Канал: Kinigra Deon (URL канала: https://www.youtube.com/channel/UC9HvSOvNpFpjydzDkAQJCNw); Язык: en; Заголовок: Kinigra Deon’s HOUSE of LOVE ❤️ | Episode 1; Дата: не найдено; Просмотры: не найдено; Подписчики: 6050000; Длительность_с: 3228; Тип: другое; Серийность: да — Episode 1 сериальной вертикальной мини-драмы/шоу House of Love; повторяющиеся участники и сюжетная линия продолжаются в Ep.2 и последующих эпизодах; Подходит: да; Хук: в открытом фрагменте/описании первого эпизода подтверждён вопрос-знакомство «Who’s most likely to break someone’s heart?»; Конфликт: участники дома должны разбираться в романтическом выборе и совместимости, однако подробности конфликта первого эпизода по доступным источникам не подтверждены; Поворот: не найдено; Финал: не найдено; Соседний эпизод: https://www.youtube.com/watch?v=ZBUdSpigcCk",https://www.youtube.com/watch?v=yiXbuxb0zFQ\nhttps://www.youtube.com/@KinigraDeon/videos\nhttps://www.youtube.com/playlist?list=PLBxSgKXg7iVc\nhttps://www.youtube.com/watch?v=ZBUdSpigcCk\nhttps://www.noxinfluencer.com/youtube/video-analytics/yiXbuxb0zFQ\nhttps://www.tiktok.com/@loveiseverywhereeeee/video/7649246581014744333,"среднее — заголовок, канал, URL канала, язык, длительность, подписчики и серийность подтверждены открытыми страницами, но точная дата и точные текущие просмотры первого ролика, а также поворот и финал не были надёжно доступны из-за ограниченной загрузки страницы YouTube и отсутствия полного публичного транскрипта.",
